description,assigned_team
"Problem. Hey, It keeps failing with an error message I don't understand. When can this be fixed?",Applications
"Urgent: the company VPN client install. Hey, Windows update has been stuck installing for two days, can't use the laptop. Can you take a look?",Endpoint Management
"Help needed — a phishing email. Hi team, A phishing email that quarantined my file. When can this be fixed?",Security
"an expired TLS certificate. Good morning, Got an alert that someone signed into my account from Brazil at 3am. Can you take a look?",Security
"Problem: a distribution list. Hi, A distribution list lost access for half the team.",Email & Collaboration
"Urgent. Hey, I'm being refused access to files I'm supposed to see. Can you take a look?",Identity & Access
"Issue with the timesheet tool. Hey, The ERP rejects my purchase order with a validation error every time. Appreciate any help.",Applications
"Request: my laptop. Hi team, The printer on the 2nd floor keeps jamming on every print job. Also, my laptop makes a clicking noise on startup. Thanks in advance.",Hardware
"Request: my voicemail. Hi team, Please set up a new extension and voicemail box for a new starter. Appreciate any help.",Telephony
"Issue. Good morning, It takes forever to load anything since this morning. Appreciate any help.",Database
"my account. Hello, My account needs admin rights for the deployment tool. When can this be fixed?",Identity & Access
"Request: the OS upgrade. Hi team, After the latest patch my laptop boots to a black screen. Also, the OS upgrade is stuck at 0% and won't finish. Let me know what's needed.",Endpoint Management
"Problem: the external monitor. Hello, The external monitor has keys that stopped working. Let me know what's needed.",Hardware
"Question. Good morning, The screen keeps going black and I have to restart constantly. Let me know what's needed.",Endpoint Management
"internet access. Good morning, Internet access keeps dropping every few minutes. Can you take a look?",Network
"Problem: my voicemail. Good morning, My voicemail has terrible audio quality. Also, my voicemail has terrible audio quality.",Telephony
"Problem: disk encryption (BitLocker). Hi team, Disk encryption (bitlocker) isn't compliant in the management console. Also, disk encryption (BitLocker) is forcing a restart in the middle of meetings.",Endpoint Management
"Urgent: my headset. Hello, Requesting a second monitor and a docking station for my new desk. Can you take a look?",Hardware
"Urgent: a phishing email. Hi team, A phishing email that looks like account takeover.",Security
"Problem. Hello, Can't get onto the company network from home this morning. Let me know what's needed.",Network
"Request: the internal HR portal. Good morning, Please install the latest version of the design suite on my machine.",Applications
"Question about the design software license. Hi team, Please install the latest version of the design suite on my machine. Let me know what's needed.",Applications
"the expense app. Good morning, Please install the latest version of the design suite on my machine. Please advise.",Applications
"the conference room phone. Hello, Please set up a new extension and voicemail box for a new starter. When can this be fixed?",Telephony
"Help needed — disk encryption (BitLocker). Hi, Disk encryption (bitlocker) is stuck at 0% and won't finish. Thanks in advance.",Endpoint Management
"Question about the DLP policy. Good morning, The dlp policy blocking a legitimate vendor. Also, the DLP policy that quarantined my file. This is blocking my work.",Security
"Not working. Hi team, My laptop won't turn on this morning, nothing happens at all. Let me know what's needed.",Endpoint Management
"Help needed — the antivirus client. Hello, Windows update has been stuck installing for two days, can't use the laptop. This is blocking my work.",Endpoint Management
"Question about the call queue. Hi team, The call queue has no dial tone. Thanks in advance.",Telephony
"Issue. Hi team, The audio is terrible on calls, lots of echo and cutting out. Can you take a look?",Telephony
"Problem: the design software license. Hi, The ERP rejects my purchase order with a validation error every time. Also, the design software license shows the wrong totals on the report.",Applications
"Issue. Hey, My laptop won't turn on this morning, nothing happens at all. This is blocking my work.",Hardware
"Problem. Hi, The audio is terrible on calls, lots of echo and cutting out. Appreciate any help.",Telephony
"Urgent. Hello, Response times are awful today and it keeps stalling. Can you take a look?",Cloud & Infrastructure
"Question about the connection pool. Hello, The connection pool returns 'too many connections'.",Database
"Question about the DLP policy. Hi team, Reporting a colleague's account that is sending spam to the whole company. Let me know what's needed.",Security
"Problem: the firewall rule for the payment vendor. Hello, Reporting a colleague's account that is sending spam to the whole company. Also, the firewall rule for the payment vendor that looks like account takeover. Please advise.",Security
"Urgent: the antivirus alert. Hi, Got an alert that someone signed into my account from Brazil at 3am.",Security
"Request: the design software license. Hi team, The design software license shows a blank screen on the dashboard tab. Also, the design software license says my license has expired. Appreciate any help.",Applications
"the load balancer. Hi team, Cannot reach internal servers from the 4th floor since this morning. Can you take a look?",Network
"Hello, My machine froze and now it won't boot properly. When can this be fixed?",Endpoint Management
"Problem. Working remotely and nothing internal will load, was fine yesterday. Thanks in advance.",Security
"Issue with the headset for calls. Hi, The headset for calls drops calls after a few seconds. Also, the headset for calls has no dial tone. When can this be fixed?",Telephony
"Question. Hey, I'm being refused access to files I'm supposed to see. Let me know what's needed.",Identity & Access
"the expense app. Hey, The ERP rejects my purchase order with a validation error every time. Please advise.",Applications
"Issue. Can't authenticate this morning, nothing I try works. Let me know what's needed.",Security
"Good morning, Strange message landed in my inbox, not sure it's legitimate.",Security
"Issue. Hi, Working remotely and nothing internal will load, was fine yesterday. When can this be fixed?",Security
"Help needed — the external monitor. Good morning, The external monitor has keys that stopped working. Also, the external monitor has several dead pixels. When can this be fixed?",Hardware
"Question about the Kubernetes cluster. Hey, Please provision a new VM with 16GB RAM for the data team's pipeline. Let me know what's needed.",Cloud & Infrastructure
"Problem: the webcam. Hi team, My laptop fell and the screen is now cracked, need a replacement.",Hardware
"Not working. Received an odd message with a link, can someone check it. Appreciate any help.",Email & Collaboration
"Urgent. Hey, I'm completely locked out and can't start my day. Please advise.",Applications
"Urgent: my voicemail. Hi team, Callers say they can hear me but I can't hear them on the softphone. Thanks in advance.",Telephony
"Help needed. Hey, It says my account is locked and I can't get in. Can you take a look?",Email & Collaboration
"Issue with the external monitor. Hi, The external monitor makes a clicking noise on startup. When can this be fixed?",Hardware
"Remote access isn't working, I can't reach anything internal. Let me know what's needed.",Network
"Problem. Hey, An email is asking me to verify my account, looks off to me. This is blocking my work.",Email & Collaboration
"the firewall rule for the payment vendor. Hello, The firewall rule for the payment vendor that I think is a scam. Please advise.",Security
"Help needed. Hello, Everything is really slow today, the whole floor is affected. Let me know what's needed.",Cloud & Infrastructure
"Help needed — the floor printer. Hello, The floor printer has keys that stopped working. Appreciate any help.",Hardware
It says my account is locked and I can't get in. Can you take a look?,Email & Collaboration
Urgent. Login fails every time even though I'm sure the password is right. Let me know what's needed.,Email & Collaboration
"Problem. Good morning, Working remotely and nothing internal will load, was fine yesterday. Please advise.",Network
"Help needed — my security group membership. Hi, My security group membership needs read access to the finance share. Can you take a look?",Identity & Access
"Problem. Strange message landed in my inbox, not sure it's legitimate. Thanks in advance.",Email & Collaboration
"Help needed. Good morning, Can't get onto the company network from home this morning. Let me know what's needed.",Security
"Issue with the expense app. Hi, The ERP rejects my purchase order with a validation error every time. Also, the expense app shows a blank screen on the dashboard tab. When can this be fixed?",Applications
"Question. Hi team, People can't reach me and my calls keep dropping after a second. When can this be fixed?",Telephony
"the reporting database. Hey, Restoring the staging DB from yesterday's dump for a test, can you assist.",Database
"Request: a brute-force alert. Good morning, A brute-force alert I received and did not expect. Let me know what's needed.",Security
"Request: my security group membership. Hi, My security group membership needs admin rights for the deployment tool. Also, my security group membership isn't a member of the right security group. Thanks in advance.",Identity & Access
"Urgent. Hey, I get 'you don't have permission' on a folder I used to reach. This is blocking my work.",Identity & Access
"Not working. Hi team, Everything is really slow today, the whole floor is affected. This is blocking my work.",Database
"Urgent: the docking station. Hi team, The docking station screen flickers constantly. Appreciate any help.",Hardware
"Question. Good morning, People can't reach me and my calls keep dropping after a second. Thanks in advance.",Telephony
"Issue. Hey, The screen keeps going black and I have to restart constantly. Can you take a look?",Hardware
"Problem: the company signature. Good morning, Please add three new people to the 'all-sales' distribution list.",Email & Collaboration
"Help needed — the SharePoint site. Hi team, The sharepoint site lost access for half the team. Also, the SharePoint site is full and rejecting new mail.",Email & Collaboration
"the production EC2 instance. Good morning, The production ec2 instance is running at 100% CPU. Appreciate any help.",Cloud & Infrastructure
"Help needed — the autoscaling group. Hi team, The autoscaling group needs more memory provisioned. Also, the autoscaling group won't scale up under load. Please advise.",Cloud & Infrastructure
"Hey, Performance is terrible right now, everyone is complaining. Please advise.",Network
"Request: the production PostgreSQL instance. Hey, We need an index added on the customer_id column, the report is unusable. When can this be fixed?",Database
"Urgent: the new joiner's account. New employee starts Monday and needs accounts and group access set up. Also, the new joiner's account lost access after the reorg. This is blocking my work.",Identity & Access
"Hi team, I'm completely locked out and can't start my day. When can this be fixed?",Identity & Access
"Question about the VPN. Good morning, The vpn can't reach the 10.x.x.x subnet. When can this be fixed?",Network
"Help needed — my keyboard. Hi, Need the SSD upgraded, I'm constantly out of disk space on this machine. Also, my keyboard is overheating and very loud.",Hardware
"the blob storage. Hey, Staging environment is down after the last deploy, can you roll it back. Also, the blob storage needs more memory provisioned. This is blocking my work.",Cloud & Infrastructure
Not working. Suddenly I'm blocked from a shared resource I need for work. Can you take a look?,Identity & Access
"Issue. Good morning, Response times are awful today and it keeps stalling. Can you take a look?",Cloud & Infrastructure
"Urgent: the design software license. Hi, The design software license shows the wrong totals on the report. When can this be fixed?",Applications
"the Oracle instance. Hi team, The oracle instance is running out of disk on the data volume. Please advise.",Database
"Question about the data warehouse. Hi team, The data warehouse hasn't completed since 2am. When can this be fixed?",Database
"Urgent: the antivirus client. Hey, After the latest patch my laptop boots to a black screen. Also, the antivirus client won't enroll my new device. When can this be fixed?",Endpoint Management
Issue. The system throws an error every time I try to save. Can you take a look?,Applications
"Issue. This email seems fishy and wants my credentials, what do I do. Can you take a look?",Email & Collaboration
"Question about a suspicious login. Hi team, A suspicious login that looks like account takeover. Can you take a look?",Security
"Problem. I can't connect from home today, it just spins and never loads.",Network
"Issue with the design software license. Hello, The design software license shows a blank screen on the dashboard tab. Can you take a look?",Applications
"Issue. Good morning, I can't connect from home today, it just spins and never loads. This is blocking my work.",Security
"Help needed. Hey, Response times are awful today and it keeps stalling.",Cloud & Infrastructure
"Urgent: the laptop fan. Good morning, My laptop fell and the screen is now cracked, need a replacement. Can you take a look?",Hardware
Urgent: the timesheet tool. I need a license assigned for the analytics application for a new team member. Can you take a look?,Applications
"Question about the design software license. Hi team, The ERP rejects my purchase order with a validation error every time. This is blocking my work.",Applications
"Request: my Outlook. Hi team, My outlook shows the wrong free/busy status. Can you take a look?",Email & Collaboration
"Urgent. Hi, Working remotely and nothing internal will load, was fine yesterday. Thanks in advance.",Network
"Question. Hey, Working remotely and nothing internal will load, was fine yesterday. This is blocking my work.",Network
"the expense app. Hey, The expense app needs to be installed on my new laptop. Please advise.",Applications
"Question about the VPN. Hi team, Cannot reach internal servers from the 4th floor since this morning. Let me know what's needed.",Network
"Request: the new joiner's account. Hey, New employee starts Monday and needs accounts and group access set up. Appreciate any help.",Identity & Access
"Question about the Teams channel. Good morning, Cannot book the 5th floor meeting room, it doesn't appear in the room list. Also, the Teams channel isn't syncing on my phone. This is blocking my work.",Email & Collaboration
"Question. Good morning, I can't make or receive any calls since this morning. Thanks in advance.",Telephony
"Urgent: the webcam. Hi, The webcam isn't detected when docked. Appreciate any help.",Hardware
"Problem: the orders table. Hey, The orders table shows replication lag of several hours. This is blocking my work.",Database
"the load balancer. Hi team, Site-to-site tunnel between HQ and the warehouse is down. Thanks in advance.",Network
"Not working. Hi team, Can't authenticate this morning, nothing I try works. When can this be fixed?",Security
"Help needed — my account. Good morning, Offboarding: please disable all access for an employee who left today. Please advise.",Identity & Access
Help needed. Getting an unexpected error and I can't continue with my task. Can you take a look?,Database
"Help needed — the switch in the server room. Hi, Site-to-site tunnel between HQ and the warehouse is down. Can you take a look?",Network
"the CRM. Good morning, The crm freezes when exporting to Excel. Also, the CRM is missing the latest update. This is blocking my work.",Applications
"Help needed. Hello, Everything is really slow today, the whole floor is affected. Can you take a look?",Cloud & Infrastructure
"Problem: the management policy. Hello, Please push the standard software bundle to my freshly imaged laptop. Can you take a look?",Endpoint Management
Urgent: the company VPN client install. Please push the standard software bundle to my freshly imaged laptop.,Endpoint Management
"Problem: the DLP policy. Hey, The dlp policy I received and did not expect. Please advise.",Security
"Not working. Hi team, I can't connect from home today, it just spins and never loads. Thanks in advance.",Network
"Help needed — the hunt group. Good morning, Please set up a new extension and voicemail box for a new starter.",Telephony
"Not working. Hey, Callers say I sound broken up and then the line dies. This is blocking my work.",Telephony
"Help needed — the new joiner's account. Hi team, Offboarding: please disable all access for an employee who left today. Appreciate any help.",Identity & Access
"Request: the hunt group. Hi team, The hunt group needs to be forwarded to my mobile. Also, the hunt group has terrible audio quality. Appreciate any help.",Telephony
"Problem: my calendar. Cannot book the 5th floor meeting room, it doesn't appear in the room list. Also, my calendar shows the wrong free/busy status. When can this be fixed?",Email & Collaboration
"Help needed — the conference room phone. The conference room phone has terrible audio quality. Also, the conference room phone has terrible audio quality. When can this be fixed?",Telephony
"Request: the VLAN on floor 3. Hello, The vlan on floor 3 won't connect at all.",Network
"Issue with the staging environment. Hi team, Please provision a new VM with 16GB RAM for the data team's pipeline. Also, the staging environment ran out of disk and crashed.",Cloud & Infrastructure
disk encryption (BitLocker). Disk encryption (bitlocker) removed an app I need for work. When can this be fixed?,Endpoint Management
"Problem. Hi, Can't authenticate this morning, nothing I try works. Thanks in advance.",Email & Collaboration
"the load balancer. Hey, The load balancer drops whenever I join a video call.",Network
"Question about my mailbox quota. Please add three new people to the 'all-sales' distribution list. Also, my mailbox quota isn't syncing on my phone. Can you take a look?",Email & Collaboration
"Urgent. Permission error opening the drive, I had access last week.",Security
"Problem: the CI/CD runner. Good morning, Staging environment is down after the last deploy, can you roll it back. Appreciate any help.",Cloud & Infrastructure
"Question. Good morning, Something errors out whenever I open my records. Thanks in advance.",Database
"Good morning, The system throws an error every time I try to save. This is blocking my work.",Applications
"Issue with the reporting database. Hello, The reporting database queries are timing out. When can this be fixed?",Database
"the security patch. Good morning, After the latest patch my laptop boots to a black screen. Also, the security patch isn't compliant in the management console. When can this be fixed?",Endpoint Management
"Request: a stored procedure. Hi, We need an index added on the customer_id column, the report is unusable. This is blocking my work.",Database
"Help needed. Hello, Strange message landed in my inbox, not sure it's legitimate. Thanks in advance.",Email & Collaboration
"Question. Hi, People can't reach me and my calls keep dropping after a second. Please advise.",Telephony
"Hi team, Laptop restarts on its own in the middle of my work. Let me know what's needed.",Hardware
"Problem: the CI/CD runner. Hi, The ci/cd runner is stuck in 'pending'.",Cloud & Infrastructure
"Hi, I get 'you don't have permission' on a folder I used to reach. Can you take a look?",Security
"Help needed. Hello, It says my account is locked and I can't get in. Can you take a look?",Identity & Access
"Question. Hello, My laptop won't turn on this morning, nothing happens at all.",Endpoint Management
"Problem. The audio is terrible on calls, lots of echo and cutting out. When can this be fixed?",Telephony
"Urgent: the staging environment. Hello, Requesting a new S3 bucket with read-only access for the analytics group. Please advise.",Cloud & Infrastructure
"Question. Hello, Working remotely and nothing internal will load, was fine yesterday.",Endpoint Management
the meeting invite. The meeting invite lost access for half the team. Appreciate any help.,Email & Collaboration
"Question about the antivirus client. Good morning, The antivirus client failed to install and rolled back.",Endpoint Management
"Request: the internal HR portal. Hey, The ERP rejects my purchase order with a validation error every time. Also, the internal HR portal freezes when exporting to Excel. Please advise.",Applications
"Not working. Everything is really slow today, the whole floor is affected. When can this be fixed?",Database
"Urgent: the antivirus alert. Hey, The antivirus alert I received and did not expect. Please advise.",Security
"Urgent. Good morning, Everything is really slow today, the whole floor is affected. This is blocking my work.",Network
"a possible malware infection. I clicked a link in an email before realising it was fake, what should I do. Also, a possible malware infection that quarantined my file. Thanks in advance.",Security
"Problem: the firewall rule for the payment vendor. Hello, The firewall rule for the payment vendor that I think is a scam. Also, the firewall rule for the payment vendor blocking a legitimate vendor. Appreciate any help.",Security
Problem: the staging environment. The staging environment needs a new node pool added. Can you take a look?,Cloud & Infrastructure
"the company VPN client install. Good morning, The company vpn client install is forcing a restart in the middle of meetings. Let me know what's needed.",Endpoint Management
"Urgent: the load balancer. Hey, The load balancer can't reach the 10.x.x.x subnet. When can this be fixed?",Network
"DNS resolution. Good morning, Dns resolution times out when I open internal sites. Please advise.",Network
"the management policy. Hey, The management policy failed to install and rolled back. Appreciate any help.",Endpoint Management
"Problem. Hi, It says my account is locked and I can't get in. Appreciate any help.",Applications
"the staging environment. The production pods keep getting OOMKilled, need higher limits. Appreciate any help.",Cloud & Infrastructure
"Help needed — the antivirus alert. Hi, The antivirus alert that quarantined my file. Please advise.",Security
"Problem: the data warehouse. Hi, We need an index added on the customer_id column, the report is unusable. Let me know what's needed.",Database
"Problem: the BI dashboard. Hi, The bi dashboard is missing the latest update. Can you take a look?",Applications
"Question about the meeting invite. Good morning, Please add three new people to the 'all-sales' distribution list. Appreciate any help.",Email & Collaboration
"Help needed — the floor printer. Good morning, The floor printer has several dead pixels. Let me know what's needed.",Hardware
"Urgent. Hi team, Working remotely and nothing internal will load, was fine yesterday. When can this be fixed?",Network
"Help needed — the nightly backup job. Hello, The nightly backup job hasn't completed since 2am. Appreciate any help.",Database
Question about the internal HR portal. The internal hr portal freezes when exporting to Excel. Thanks in advance.,Applications
"Help needed — my keyboard. Hey, Requesting a second monitor and a docking station for my new desk. When can this be fixed?",Hardware
"Question about the company signature. Hey, The company signature won't send messages and they stay in Outbox. Also, the company signature won't send messages and they stay in Outbox. This is blocking my work.",Email & Collaboration
"Urgent: my voicemail. Hello, My voicemail has no dial tone. Thanks in advance.",Telephony
"Question about the connection pool. Hello, A SELECT that used to take 1s now takes 40s after the last data load.",Database
"Help needed — the Teams channel. Good morning, The teams channel isn't syncing on my phone. When can this be fixed?",Email & Collaboration
"Urgent: the reporting database. Good morning, Last night's backup failed with an I/O error and didn't retry. Thanks in advance.",Database
Not working. Can't get onto the company network from home this morning.,Network
Help needed — the softphone app. The softphone app shows the wrong caller ID. Thanks in advance.,Telephony
"Question. Hi team, I can't log in this morning, it just keeps rejecting me. Can you take a look?",Identity & Access
Not working. Response times are awful today and it keeps stalling. This is blocking my work.,Cloud & Infrastructure
"Issue. Good morning, Strange message landed in my inbox, not sure it's legitimate. This is blocking my work.",Security
"Request: the expense app. Hey, I need a license assigned for the analytics application for a new team member. When can this be fixed?",Applications
"Issue. Good morning, Callers say I sound broken up and then the line dies. Appreciate any help.",Telephony
"a distribution list. Hello, A distribution list is full and rejecting new mail. Thanks in advance.",Email & Collaboration
"Request: my password. Good morning, My password lost access after the reorg. Appreciate any help.",Identity & Access
"Help needed — my desk phone. Hi, My desk phone has terrible audio quality. Also, my desk phone shows the wrong caller ID.",Telephony
"Issue with the headset for calls. Callers say they can hear me but I can't hear them on the softphone. Also, the headset for calls needs to be forwarded to my mobile. Thanks in advance.",Telephony
"Not working. Hello, Things are crawling and timing out, was fine yesterday.",Cloud & Infrastructure
"Issue with the orders table. Hey, The orders table hasn't completed since 2am. Appreciate any help.",Database
"Urgent. Hi team, Performance is terrible right now, everyone is complaining. Please advise.",Cloud & Infrastructure
"Request: the production PostgreSQL instance. We need an index added on the customer_id column, the report is unusable. Appreciate any help.",Database
"my security group membership. Good morning, Offboarding: please disable all access for an employee who left today. Can you take a look?",Identity & Access
"Help needed. Hello, Received an odd message with a link, can someone check it. Can you take a look?",Security
"Urgent: the Kubernetes cluster. Hi, The production pods keep getting OOMKilled, need higher limits. Also, the Kubernetes cluster ran out of disk and crashed. Please advise.",Cloud & Infrastructure
"Problem. Hi team, The screen keeps going black and I have to restart constantly. Can you take a look?",Hardware
"Issue. Hello, I got a weird email asking me to log in and confirm my password. This is blocking my work.",Security
"Issue with the SharePoint site. The sharepoint site shows the wrong free/busy status. Also, the SharePoint site is full and rejecting new mail. When can this be fixed?",Email & Collaboration
Question about the timesheet tool. The timesheet tool says my license has expired. Can you take a look?,Applications
"Problem: the blob storage. Good morning, The blob storage won't scale up under load. Please advise.",Cloud & Infrastructure
"Question about the data warehouse. Hi team, Last night's backup failed with an I/O error and didn't retry. Thanks in advance.",Database
"Good morning, After this morning my laptop just isn't behaving normally. Let me know what's needed.",Hardware
I got a weird email asking me to log in and confirm my password. Please advise.,Security
the contractor account. I need to be added to the 'Project-Atlas' security group to see the files. Please advise.,Identity & Access
"the VPN. Good morning, The vpn has very high latency. Also, the VPN keeps dropping every few minutes. When can this be fixed?",Network
"Question about the internal HR portal. Hi, The internal hr portal shows the wrong totals on the report. Also, the internal HR portal needs to be installed on my new laptop. Let me know what's needed.",Applications
Issue with the contractor account. Offboarding: please disable all access for an employee who left today. Please advise.,Identity & Access
"Request: the software deployment. Good morning, The software deployment removed an app I need for work. Also, the software deployment is stuck at 0% and won't finish. Please advise.",Endpoint Management
"the Oracle instance. Hi, Restoring the staging DB from yesterday's dump for a test, can you assist. Thanks in advance.",Database
"Good morning, Remote access isn't working, I can't reach anything internal. Please advise.",Security
"Issue with my voicemail. Hey, My voicemail shows the wrong caller ID. Appreciate any help.",Telephony
"Good morning, Strange message landed in my inbox, not sure it's legitimate.",Email & Collaboration
Help needed. Callers say I sound broken up and then the line dies. Let me know what's needed.,Telephony
"Help needed — the nightly backup job. Hello, The nightly backup job queries are timing out. Thanks in advance.",Database
"Problem: the headset for calls. Good morning, The headset for calls shows the wrong caller ID. Also, the headset for calls needs to be forwarded to my mobile. When can this be fixed?",Telephony
"Problem: the blob storage. Good morning, Requesting a new S3 bucket with read-only access for the analytics group. Please advise.",Cloud & Infrastructure
"Issue. Good morning, My laptop won't turn on this morning, nothing happens at all. Thanks in advance.",Hardware
"Question about the Teams channel. Hi, The teams channel is full and rejecting new mail. Also, the Teams channel isn't syncing on my phone. When can this be fixed?",Email & Collaboration
"Request: the Oracle instance. Hi, The oracle instance is throwing deadlock errors. Appreciate any help.",Database
"Urgent: the company signature. The company signature isn't receiving external email. Also, the company signature won't send messages and they stay in Outbox. This is blocking my work.",Email & Collaboration
"Hello, Everything is really slow today, the whole floor is affected. Thanks in advance.",Network
"internet access. Hi team, Cannot reach internal servers from the 4th floor since this morning. Let me know what's needed.",Network
"Request: the hunt group. Hello, The hunt group drops calls after a few seconds. Thanks in advance.",Telephony
Issue. From home I can't connect to any internal systems at all. When can this be fixed?,Endpoint Management
"Problem. Good morning, My password doesn't work anymore and I'm stuck outside. Thanks in advance.",Applications
"Help needed. Good morning, Received an odd message with a link, can someone check it. Let me know what's needed.",Security
"Question about the laptop fan. Hello, The laptop fan has keys that stopped working. When can this be fixed?",Hardware
"the design software license. Hi, The design software license shows a blank screen on the dashboard tab. Also, the design software license shows the wrong totals on the report. Let me know what's needed.",Applications
"Question about the production EC2 instance. Hey, Requesting a new S3 bucket with read-only access for the analytics group.",Cloud & Infrastructure
"the ERP system. Hi team, The erp system says my license has expired. Thanks in advance.",Applications
"Question about my extension. Hi, Callers say they can hear me but I can't hear them on the softphone. Appreciate any help.",Telephony
"Hey, The audio is terrible on calls, lots of echo and cutting out. Thanks in advance.",Telephony
"the headset for calls. Hi team, The headset for calls won't let me access voicemail. Please advise.",Telephony
"Question about the management policy. Good morning, Please push the standard software bundle to my freshly imaged laptop. When can this be fixed?",Endpoint Management
"Help needed. Hello, My machine froze and now it won't boot properly. Let me know what's needed.",Hardware
"Help needed. Good morning, Login fails every time even though I'm sure the password is right. Appreciate any help.",Applications
"Issue with the contractor account. Hello, Please grant me read access to the \\fileserver\finance share. Please advise.",Identity & Access
"Help needed — the load balancer. Hello, The load balancer keeps dropping every few minutes. Also, the load balancer has very high latency. This is blocking my work.",Network
Help needed — my mailbox quota. My mailbox quota shows the wrong free/busy status. Thanks in advance.,Email & Collaboration
"Help needed — the meeting invite. Good morning, The meeting invite won't send messages and they stay in Outbox. Thanks in advance.",Email & Collaboration
"my desk phone. Hello, My desk phone shows the wrong caller ID. Let me know what's needed.",Telephony
"Urgent. Hi team, It keeps failing with an error message I don't understand. When can this be fixed?",Applications
"Urgent: the design software license. Hi, I need a license assigned for the analytics application for a new team member.",Applications
"my keyboard. Hello, My keyboard screen flickers constantly. Thanks in advance.",Hardware
"Problem: the CI/CD runner. Hi team, The ci/cd runner needs a new node pool added. Please advise.",Cloud & Infrastructure
"Urgent: the connection pool. Hi, The connection pool queries are timing out. This is blocking my work.",Database
the headset for calls. The headset for calls has terrible audio quality. Appreciate any help.,Telephony
"Help needed — the external monitor. Hey, The printer on the 2nd floor keeps jamming on every print job. Also, the external monitor has keys that stopped working. This is blocking my work.",Hardware
"Hi, It takes forever to load anything since this morning. When can this be fixed?",Cloud & Infrastructure
"the staging environment. Hello, The staging environment ran out of disk and crashed. When can this be fixed?",Cloud & Infrastructure
"Urgent: the antivirus alert. Hey, Please review whether this attachment is safe before I open it. This is blocking my work.",Security
"Help needed — a distribution list. Hi team, A distribution list won't send messages and they stay in Outbox. Also, a distribution list is full and rejecting new mail. Thanks in advance.",Email & Collaboration
Issue with the autoscaling group. The autoscaling group is running at 100% CPU. Thanks in advance.,Cloud & Infrastructure
"Problem. Hi team, Something errors out whenever I open my records. Please advise.",Applications
Question about the ERP system. The ERP rejects my purchase order with a validation error every time. This is blocking my work.,Applications
"Help needed — the Oracle instance. Good morning, Last night's backup failed with an I/O error and didn't retry. Can you take a look?",Database
"Good morning, Strange message landed in my inbox, not sure it's legitimate. When can this be fixed?",Email & Collaboration
"Urgent. Hi team, Response times are awful today and it keeps stalling. Let me know what's needed.",Cloud & Infrastructure
"Request: my laptop's Windows update. Windows update has been stuck installing for two days, can't use the laptop. Thanks in advance.",Endpoint Management
"Problem. Hi, It says my account is locked and I can't get in. Thanks in advance.",Applications
"Help needed. Hello, Received an odd message with a link, can someone check it. When can this be fixed?",Email & Collaboration
"Help needed. Hey, Response times are awful today and it keeps stalling. When can this be fixed?",Database
"Urgent: the CRM. The ERP rejects my purchase order with a validation error every time. Also, the CRM says my license has expired. Thanks in advance.",Applications
"Problem. Good morning, My password doesn't work anymore and I'm stuck outside. Thanks in advance.",Identity & Access
"the firewall rule for the payment vendor. Hello, Reporting a colleague's account that is sending spam to the whole company. When can this be fixed?",Security
"Question about DNS resolution. Good morning, Dns resolution drops whenever I join a video call. This is blocking my work.",Network
"Request: a brute-force alert. Hi team, A brute-force alert that I think is a scam. This is blocking my work.",Security
"Problem. My laptop won't turn on this morning, nothing happens at all.",Endpoint Management
"Hey, Login fails every time even though I'm sure the password is right. Let me know what's needed.",Identity & Access
"Help needed — the conference room phone. Hey, The support hotline calls aren't reaching the queue, customers complain. Appreciate any help.",Telephony
"Question about the company VPN client install. Hi team, Please push the standard software bundle to my freshly imaged laptop. Can you take a look?",Endpoint Management
"Urgent: my desk phone. Please set up a new extension and voicemail box for a new starter. Also, my desk phone isn't receiving incoming calls.",Telephony
"Request: a flagged attachment. Hi, A flagged attachment that I think is a scam. Can you take a look?",Security
"Not working. Hello, After this morning my laptop just isn't behaving normally.",Endpoint Management
"Help needed — the design software license. Hello, Please install the latest version of the design suite on my machine. This is blocking my work.",Applications
"the hunt group. Hello, Callers say they can hear me but I can't hear them on the softphone. Also, the hunt group isn't receiving incoming calls. Thanks in advance.",Telephony
"Problem: my desk phone. Good morning, Please set up a new extension and voicemail box for a new starter. Also, my desk phone won't let me access voicemail. Let me know what's needed.",Telephony
"Issue with my headset. Hello, My headset has keys that stopped working. Let me know what's needed.",Hardware
"Problem. Hey, Getting an unexpected error and I can't continue with my task. Appreciate any help.",Database
"the laptop battery. My laptop fell and the screen is now cracked, need a replacement. Also, the laptop battery has several dead pixels. Appreciate any help.",Hardware
"Help needed. Hello, The system throws an error every time I try to save. Thanks in advance.",Database
Issue with the softphone app. Callers say they can hear me but I can't hear them on the softphone. When can this be fixed?,Telephony
"Problem: the load balancer. Hey, Site-to-site tunnel between HQ and the warehouse is down. Also, the load balancer times out when I open internal sites. Let me know what's needed.",Network
"Help needed. I can't connect from home today, it just spins and never loads. Appreciate any help.",Endpoint Management
"the shared mailbox. Hello, My sent items are missing after the mailbox migration last weekend. Also, the shared mailbox lost access for half the team. Please advise.",Email & Collaboration
"Urgent: the accounting software. Hello, Please install the latest version of the design suite on my machine.",Applications
"Question about the branch-office link. Good morning, The branch-office link won't connect at all. Also, the branch-office link drops whenever I join a video call.",Network
"Request: my voicemail. Hi team, Callers say they can hear me but I can't hear them on the softphone. Thanks in advance.",Telephony
"Question about my smartcard. Hey, I need to be added to the 'Project-Atlas' security group to see the files. Please advise.",Identity & Access
"Hi, Performance is terrible right now, everyone is complaining. Appreciate any help.",Cloud & Infrastructure
"Issue with my account. Hi, My account needs admin rights for the deployment tool. Also, my account isn't a member of the right security group.",Identity & Access
"Issue with my extension. Hi, Please set up a new extension and voicemail box for a new starter. Thanks in advance.",Telephony
"Problem: the ERP system. Hey, The erp system needs to be installed on my new laptop. Appreciate any help.",Applications
"my password. My password needs to be provisioned for a new hire starting Monday. Also, my password isn't a member of the right security group.",Identity & Access
"Problem: a flagged attachment. Hi team, I clicked a link in an email before realising it was fake, what should I do. Let me know what's needed.",Security
"Urgent: the company signature. Good morning, The company signature shows the wrong free/busy status. Can you take a look?",Email & Collaboration
"Urgent: the antivirus client. Good morning, The antivirus client failed to install and rolled back. Can you take a look?",Endpoint Management
"Hi, My password doesn't work anymore and I'm stuck outside. Please advise.",Applications
"Question about a possible malware infection. Good morning, A possible malware infection blocking a legitimate vendor. Thanks in advance.",Security
"Urgent: the antivirus alert. Hello, The antivirus alert warning me my machine is infected. Thanks in advance.",Security
"Help needed. Hi team, I can't connect from home today, it just spins and never loads. Thanks in advance.",Endpoint Management
"the Kubernetes cluster. Hey, The kubernetes cluster is stuck in 'pending'.",Cloud & Infrastructure
"Issue. Hi, Laptop restarts on its own in the middle of my work. Let me know what's needed.",Hardware
"Hi team, Can't authenticate this morning, nothing I try works. Let me know what's needed.",Security
"Not working. Good morning, Can't get onto the company network from home this morning.",Security
"Help needed. Hi, The audio is terrible on calls, lots of echo and cutting out. Let me know what's needed.",Telephony
"Issue. Hello, It says access denied when I try to open the team folder.",Security
"Help needed — the floor printer. Hey, Requesting a second monitor and a docking station for my new desk. Let me know what's needed.",Hardware
"Problem. Hey, The system throws an error every time I try to save. Let me know what's needed.",Applications
"Problem: my keyboard. Hi team, Requesting a second monitor and a docking station for my new desk. When can this be fixed?",Hardware
"Hi team, My laptop won't turn on this morning, nothing happens at all. Appreciate any help.",Hardware
Urgent. I'm being refused access to files I'm supposed to see. Appreciate any help.,Identity & Access
"Help needed — the Oracle instance. Hi, The oracle instance hasn't completed since 2am. Also, the Oracle instance hasn't completed since 2am. Appreciate any help.",Database
"Problem: the timesheet tool. Hey, The timesheet tool shows the wrong totals on the report.",Applications
"Help needed — the CI/CD runner. Hi, The ci/cd runner is running at 100% CPU. When can this be fixed?",Cloud & Infrastructure
"Question about the accounting software. Good morning, The accounting software shows a blank screen on the dashboard tab.",Applications
"Question about the external monitor. Hey, Requesting a second monitor and a docking station for my new desk. Appreciate any help.",Hardware
"Issue with the shared drive permissions. Hey, Please grant me read access to the \\fileserver\finance share. Thanks in advance.",Identity & Access
"Urgent. Can't authenticate this morning, nothing I try works. When can this be fixed?",Identity & Access
"the company VPN client install. Good morning, Windows update has been stuck installing for two days, can't use the laptop. Please advise.",Endpoint Management
"Problem: internet access. Hi, Site-to-site tunnel between HQ and the warehouse is down. Also, internet access can't reach the 10.x.x.x subnet.",Network
"Request: the security patch. Hi team, Windows update has been stuck installing for two days, can't use the laptop. This is blocking my work.",Endpoint Management
"Hi, An error pops up and the whole thing stops working. Thanks in advance.",Database
the Oracle instance. A SELECT that used to take 1s now takes 40s after the last data load. This is blocking my work.,Database
"Urgent. Hi team, After this morning my laptop just isn't behaving normally. Thanks in advance.",Endpoint Management
"my password. Hello, Offboarding: please disable all access for an employee who left today.",Identity & Access
"Help needed. Hey, Working remotely and nothing internal will load, was fine yesterday. Appreciate any help.",Endpoint Management
"Help needed — the CI/CD runner. Hi, Staging environment is down after the last deploy, can you roll it back. When can this be fixed?",Cloud & Infrastructure
"Urgent: my calendar. Good morning, My sent items are missing after the mailbox migration last weekend. Also, my calendar lost access for half the team. Thanks in advance.",Email & Collaboration
the blob storage. Requesting a new S3 bucket with read-only access for the analytics group. Let me know what's needed.,Cloud & Infrastructure
"the Oracle instance. Hi team, A SELECT that used to take 1s now takes 40s after the last data load. When can this be fixed?",Database
"the office WiFi. Good morning, The office wifi loses packets intermittently. Also, the office WiFi shows 'limited connectivity'. Can you take a look?",Network
"Problem. Hi, Laptop restarts on its own in the middle of my work. Appreciate any help.",Hardware
"Request: the shared mailbox. Hey, The shared mailbox shows duplicate appointments. When can this be fixed?",Email & Collaboration
"Help needed. Hello, Things are crawling and timing out, was fine yesterday. This is blocking my work.",Database
"Request: the SharePoint site. Hello, My sent items are missing after the mailbox migration last weekend. Let me know what's needed.",Email & Collaboration
"Question about the BI dashboard. Hello, The monthly report in the BI tool shows numbers that don't match finance.",Applications
"Request: the CRM. Hello, The crm shows the wrong totals on the report. Also, the CRM is missing the latest update. Please advise.",Applications
"Question about the BI dashboard. Hey, The bi dashboard freezes when exporting to Excel. This is blocking my work.",Applications
"Problem: the autoscaling group. Hi, The autoscaling group ran out of disk and crashed. Also, the autoscaling group is running at 100% CPU. When can this be fixed?",Cloud & Infrastructure
"Help needed — the reporting database. Hello, Last night's backup failed with an I/O error and didn't retry. Appreciate any help.",Database
"Request: the contractor account. Hello, The contractor account isn't a member of the right security group. Also, the contractor account needs to be provisioned for a new hire starting Monday. Appreciate any help.",Identity & Access
"an expired TLS certificate. Hi team, An expired tls certificate warning me my machine is infected. Please advise.",Security
"Not working. Hello, Keeps asking me to sign in again and again and never lets me through. Please advise.",Applications
"Issue with the switch in the server room. Hello, Port on the wall jack at desk B-12 seems dead, no link light. Also, the switch in the server room drops whenever I join a video call. When can this be fixed?",Network
"the meeting invite. Hey, Please add three new people to the 'all-sales' distribution list. Also, the meeting invite isn't syncing on my phone. Can you take a look?",Email & Collaboration
"Issue. Good morning, Getting an unexpected error and I can't continue with my task. Can you take a look?",Database
"Question. Hello, Pages and reports hang for ages before anything shows up. Appreciate any help.",Cloud & Infrastructure
"the blob storage. Hi, Staging environment is down after the last deploy, can you roll it back. This is blocking my work.",Cloud & Infrastructure
"Urgent: the shared drive permissions. Hi, The shared drive permissions needs read access to the finance share. Also, the shared drive permissions needs to be provisioned for a new hire starting Monday. This is blocking my work.",Identity & Access
"Problem. Hey, Laptop restarts on its own in the middle of my work. Can you take a look?",Hardware
"the Azure VM. Good morning, The azure vm needs more memory provisioned. Thanks in advance.",Cloud & Infrastructure
Help needed — the webcam. The printer on the 2nd floor keeps jamming on every print job. Let me know what's needed.,Hardware
"Issue with the Oracle instance. Good morning, The oracle instance shows replication lag of several hours. Let me know what's needed.",Database
"Problem: the laptop battery. Good morning, My laptop fell and the screen is now cracked, need a replacement. This is blocking my work.",Hardware
Problem: the S3 bucket. Requesting a new S3 bucket with read-only access for the analytics group. Please advise.,Cloud & Infrastructure
"the timesheet tool. Hi team, The timesheet tool shows a blank screen on the dashboard tab. Also, the timesheet tool is missing the latest update. Appreciate any help.",Applications
"Urgent. Good morning, Callers say I sound broken up and then the line dies. Thanks in advance.",Telephony
"Good morning, I'm completely locked out and can't start my day. When can this be fixed?",Applications
"Problem: the S3 bucket. Hey, The s3 bucket ran out of disk and crashed. Thanks in advance.",Cloud & Infrastructure
"Good morning, I can't connect from home today, it just spins and never loads.",Network
"Request: my keyboard. Hello, My keyboard makes a clicking noise on startup. Also, my keyboard has keys that stopped working. Please advise.",Hardware
"Request: the load balancer. Hello, The load balancer won't connect at all. Thanks in advance.",Network
"Problem. Hi, I can't make or receive any calls since this morning. Please advise.",Telephony
"Problem: the connection pool. Good morning, We need an index added on the customer_id column, the report is unusable. Let me know what's needed.",Database
"Not working. Hi team, I can't log in this morning, it just keeps rejecting me. Please advise.",Applications
"Question about the timesheet tool. Good morning, The timesheet tool shows the wrong totals on the report. Also, the timesheet tool needs to be installed on my new laptop. When can this be fixed?",Applications
"Problem: the CI/CD runner. Hello, The ci/cd runner needs more memory provisioned. Also, the CI/CD runner needs a new node pool added. Let me know what's needed.",Cloud & Infrastructure
"Problem: the expense app. Hey, The expense app freezes when exporting to Excel. When can this be fixed?",Applications
"Issue with the MFA app. Hi, The mfa app lost access after the reorg.",Identity & Access
"my desk phone. Hello, The support hotline calls aren't reaching the queue, customers complain. Also, my desk phone has no dial tone. When can this be fixed?",Telephony
"Help needed — the OS upgrade. Hello, After the latest patch my laptop boots to a black screen. Please advise.",Endpoint Management
My machine froze and now it won't boot properly. Let me know what's needed.,Endpoint Management
"the nightly backup job. The nightly backup job hasn't completed since 2am. Also, the nightly backup job is returning stale rows. Appreciate any help.",Database
"Problem: the device enrollment. Hi, Windows update has been stuck installing for two days, can't use the laptop.",Endpoint Management
"Question about my voicemail. Good morning, Callers say they can hear me but I can't hear them on the softphone. Also, my voicemail won't let me access voicemail. When can this be fixed?",Telephony
"Urgent: the Kubernetes cluster. Hello, The kubernetes cluster returns 503 behind the load balancer. Please advise.",Cloud & Infrastructure
"Request: the blob storage. Good morning, Please provision a new VM with 16GB RAM for the data team's pipeline. This is blocking my work.",Cloud & Infrastructure
"Problem. Good morning, It won't accept my credentials since the weekend. Appreciate any help.",Identity & Access
"the firewall rule for the payment vendor. Good morning, The firewall rule for the payment vendor warning me my machine is infected.",Security
the design software license. Please install the latest version of the design suite on my machine.,Applications
"Problem: the BI dashboard. The bi dashboard is missing the latest update. Also, the BI dashboard needs to be installed on my new laptop. Thanks in advance.",Applications
"Question. Strange message landed in my inbox, not sure it's legitimate. Let me know what's needed.",Security
"Issue. Hello, Response times are awful today and it keeps stalling.",Cloud & Infrastructure
Urgent: the laptop fan. The laptop fan won't charge past 1%.,Hardware
"Problem: the blob storage. Good morning, The blob storage won't scale up under load.",Cloud & Infrastructure
"Urgent: my desk phone. Good morning, The support hotline calls aren't reaching the queue, customers complain. Please advise.",Telephony
Issue with the company signature. The company signature lost access for half the team. This is blocking my work.,Email & Collaboration
"Question. The audio is terrible on calls, lots of echo and cutting out. Thanks in advance.",Telephony
"the laptop fan. Hi, The laptop fan is overheating and very loud. This is blocking my work.",Hardware
Question about the connection pool. Last night's backup failed with an I/O error and didn't retry. Appreciate any help.,Database
"the antivirus client. Hi, The antivirus client removed an app I need for work. Thanks in advance.",Endpoint Management
"Urgent: disk encryption (BitLocker). Hey, Disk encryption (bitlocker) failed to install and rolled back. Thanks in advance.",Endpoint Management
"Help needed — the contractor account. Hi team, Offboarding: please disable all access for an employee who left today. Also, the contractor account needs to be provisioned for a new hire starting Monday. Thanks in advance.",Identity & Access
"Problem: the Kubernetes cluster. Good morning, The kubernetes cluster needs more memory provisioned. Can you take a look?",Cloud & Infrastructure
"Help needed — the firewall rule for the payment vendor. Hi team, The firewall rule for the payment vendor from an unknown IP in another country. Also, the firewall rule for the payment vendor blocking a legitimate vendor. When can this be fixed?",Security
"Problem: the OS upgrade. Hey, The os upgrade won't enroll my new device. Let me know what's needed.",Endpoint Management
"Issue with the headset for calls. The support hotline calls aren't reaching the queue, customers complain. This is blocking my work.",Telephony
"Question about a brute-force alert. Hello, Reporting a colleague's account that is sending spam to the whole company. Appreciate any help.",Security
"Issue with the MFA app. Good morning, The mfa app needs to be provisioned for a new hire starting Monday.",Identity & Access
Urgent. Suddenly I'm blocked from a shared resource I need for work. Thanks in advance.,Security
"Issue with a flagged attachment. Hey, A flagged attachment that looks like account takeover. Appreciate any help.",Security
"Issue. Hey, I can't connect from home today, it just spins and never loads. When can this be fixed?",Network
"Help needed. Hey, People can't reach me and my calls keep dropping after a second. Can you take a look?",Telephony
"Not working. Good morning, I'm completely locked out and can't start my day. This is blocking my work.",Applications
"Help needed — the antivirus alert. Hey, The antivirus alert warning me my machine is infected. Can you take a look?",Security
"Problem: the Azure VM. Hello, Please provision a new VM with 16GB RAM for the data team's pipeline. When can this be fixed?",Cloud & Infrastructure
"DNS resolution. Hey, Dns resolution won't connect at all.",Network
Question. After this morning my laptop just isn't behaving normally. Let me know what's needed.,Hardware
"Question. Good morning, My laptop won't turn on this morning, nothing happens at all. Let me know what's needed.",Hardware
"Question. Hey, From home I can't connect to any internal systems at all. Let me know what's needed.",Network
"the timesheet tool. Good morning, The ERP rejects my purchase order with a validation error every time. Appreciate any help.",Applications
"Question about my keyboard. Need the SSD upgraded, I'm constantly out of disk space on this machine. Also, my keyboard isn't detected when docked. Thanks in advance.",Hardware
Problem. Laptop restarts on its own in the middle of my work. When can this be fixed?,Endpoint Management
"Problem. Good morning, Getting an unexpected error and I can't continue with my task. This is blocking my work.",Database
"Problem: the laptop battery. Hi team, Requesting a second monitor and a docking station for my new desk. Let me know what's needed.",Hardware
"the production PostgreSQL instance. Good morning, A SELECT that used to take 1s now takes 40s after the last data load. Let me know what's needed.",Database
"Request: the company signature. Hi team, Please add three new people to the 'all-sales' distribution list. Also, the company signature shows the wrong free/busy status. When can this be fixed?",Email & Collaboration
Problem: the CI/CD runner. Requesting a new S3 bucket with read-only access for the analytics group. This is blocking my work.,Cloud & Infrastructure
"Request: the CI/CD runner. Hello, Staging environment is down after the last deploy, can you roll it back. This is blocking my work.",Cloud & Infrastructure
"the staging environment. Hello, The staging environment ran out of disk and crashed. Also, the staging environment is running at 100% CPU. Please advise.",Cloud & Infrastructure
"Question about a brute-force alert. Hey, Please review whether this attachment is safe before I open it. Thanks in advance.",Security
"Problem: the replication slave. Hey, The replication slave returns 'too many connections'.",Database
"Not working. Hi, Remote access isn't working, I can't reach anything internal. Can you take a look?",Endpoint Management
After this morning my laptop just isn't behaving normally. Can you take a look?,Hardware
"Question about the corporate firewall. Hey, Ping to the gateway is over 300ms across the whole department. When can this be fixed?",Network
"a brute-force alert. Good morning, A brute-force alert that quarantined my file. Thanks in advance.",Security
"Issue with the nightly backup job. Hi team, The nightly backup job queries are timing out. This is blocking my work.",Database
"Question. Hi team, Login fails every time even though I'm sure the password is right. This is blocking my work.",Email & Collaboration
"my headset. Hello, My headset screen flickers constantly. When can this be fixed?",Hardware
"Help needed. Hi, Massive slowdown across the board, work is barely possible. Thanks in advance.",Cloud & Infrastructure
"Request: a possible malware infection. Hi, Got an alert that someone signed into my account from Brazil at 3am. Please advise.",Security
"Hey, It keeps failing with an error message I don't understand. Please advise.",Database
"Problem: the autoscaling group. Hello, The autoscaling group needs a new node pool added. This is blocking my work.",Cloud & Infrastructure
"the timesheet tool. Hello, The timesheet tool says my license has expired.",Applications
"the floor printer. My laptop fell and the screen is now cracked, need a replacement. Let me know what's needed.",Hardware
"Problem. Hi team, The system throws an error every time I try to save. Can you take a look?",Database
"Problem. Good morning, Can't get onto the company network from home this morning. Let me know what's needed.",Endpoint Management
"Help needed — the branch-office link. Hi, The branch-office link times out when I open internal sites.",Network
"Question about the design software license. Hello, The design software license freezes when exporting to Excel. Please advise.",Applications
"Help needed — the production EC2 instance. Good morning, The production ec2 instance returns 503 behind the load balancer. Also, the production EC2 instance needs more memory provisioned. Please advise.",Cloud & Infrastructure
"my keyboard. Hello, Need the SSD upgraded, I'm constantly out of disk space on this machine. Thanks in advance.",Hardware
Question about the design software license. Please install the latest version of the design suite on my machine. Can you take a look?,Applications
"Request: the company VPN client install. Hi team, Please push the standard software bundle to my freshly imaged laptop. Also, the company VPN client install failed to install and rolled back. Can you take a look?",Endpoint Management
"Urgent: my Outlook. Good morning, My outlook isn't syncing on my phone. When can this be fixed?",Email & Collaboration
"Problem. Hi, I can't log in this morning, it just keeps rejecting me. This is blocking my work.",Email & Collaboration
"Not working. Hey, The system throws an error every time I try to save. This is blocking my work.",Database
"the new joiner's account. Hey, Offboarding: please disable all access for an employee who left today. Also, the new joiner's account lost access after the reorg. Please advise.",Identity & Access
"Problem: my security group membership. Hello, Please grant me read access to the \\fileserver\finance share.",Identity & Access
"Help needed. Hello, I can't log in this morning, it just keeps rejecting me. Let me know what's needed.",Applications
Urgent: my voicemail. Please set up a new extension and voicemail box for a new starter. Let me know what's needed.,Telephony
"Urgent: the accounting software. Hello, The monthly report in the BI tool shows numbers that don't match finance. Thanks in advance.",Applications
"Question about the office WiFi. Good morning, Cannot reach internal servers from the 4th floor since this morning. Also, the office WiFi shows 'limited connectivity'. This is blocking my work.",Network
the guest network. Site-to-site tunnel between HQ and the warehouse is down. Please advise.,Network
"the floor printer. The floor printer is overheating and very loud. Also, the floor printer has several dead pixels. This is blocking my work.",Hardware
"Urgent: a stored procedure. Hi, A stored procedure shows replication lag of several hours. Also, a stored procedure queries are timing out. Let me know what's needed.",Database
"Request: the orders table. Good morning, Last night's backup failed with an I/O error and didn't retry. Also, the orders table hasn't completed since 2am. This is blocking my work.",Database
"Urgent: the external monitor. Hi, The external monitor won't charge past 1%. Please advise.",Hardware
"Question about the data warehouse. Hi team, Last night's backup failed with an I/O error and didn't retry. Thanks in advance.",Database
"Urgent: my laptop. Hey, My laptop screen flickers constantly. Let me know what's needed.",Hardware
"Problem: my calendar. Hey, Need a new shared mailbox created for the support team. Can you take a look?",Email & Collaboration
"Question about the Azure VM. Hi, The azure vm needs a new node pool added. Also, the Azure VM needs a new node pool added. Appreciate any help.",Cloud & Infrastructure
"Question about my calendar. Good morning, My calendar isn't receiving external email. Please advise.",Email & Collaboration
Question about the conference room phone. The conference room phone has no dial tone. Appreciate any help.,Telephony
"Issue with the VPN. Hi team, Ping to the gateway is over 300ms across the whole department. Appreciate any help.",Network
"Problem. Hello, I can't log in this morning, it just keeps rejecting me. Let me know what's needed.",Applications
"Problem: a suspicious login. Hey, Please review whether this attachment is safe before I open it. Appreciate any help.",Security
"the antivirus alert. Hi team, The antivirus alert I received and did not expect. Also, the antivirus alert from an unknown IP in another country. This is blocking my work.",Security
Issue with my laptop. My laptop is overheating and very loud. Please advise.,Hardware
"Urgent. Hello, Keeps asking me to sign in again and again and never lets me through. Let me know what's needed.",Email & Collaboration
Urgent: the shared mailbox. Need a new shared mailbox created for the support team. This is blocking my work.,Email & Collaboration
"Question about the switch in the server room. Hey, Port on the wall jack at desk B-12 seems dead, no link light. This is blocking my work.",Network
"Hi team, Can't authenticate this morning, nothing I try works. Please advise.",Email & Collaboration
"Help needed — my Outlook. Hi, My outlook isn't receiving external email. Appreciate any help.",Email & Collaboration
"Issue. Hi, From home I can't connect to any internal systems at all. Appreciate any help.",Endpoint Management
"a phishing email. Hi, A phishing email from an unknown IP in another country. Also, a phishing email blocking a legitimate vendor. Thanks in advance.",Security
"my account. Hi, Please grant me read access to the \\fileserver\finance share. When can this be fixed?",Identity & Access
"Request: disk encryption (BitLocker). Hey, Disk encryption (bitlocker) isn't compliant in the management console. Also, disk encryption (BitLocker) is forcing a restart in the middle of meetings. Appreciate any help.",Endpoint Management
"Question about the shared drive permissions. Hey, Offboarding: please disable all access for an employee who left today. Also, the shared drive permissions should be disabled, the person left. Let me know what's needed.",Identity & Access
After this morning my laptop just isn't behaving normally.,Hardware
"Help needed. Hi, Everything is really slow today, the whole floor is affected. Appreciate any help.",Database
Urgent. People can't reach me and my calls keep dropping after a second. Appreciate any help.,Telephony
Not working. Callers say I sound broken up and then the line dies. Please advise.,Telephony
"Issue with the company signature. Hey, The company signature is full and rejecting new mail. This is blocking my work.",Email & Collaboration
"Urgent. Hello, I got a weird email asking me to log in and confirm my password. Let me know what's needed.",Security
"Question. Hi, Everything is really slow today, the whole floor is affected. Can you take a look?",Cloud & Infrastructure
"Urgent: the hunt group. Hi, The hunt group needs to be forwarded to my mobile. Also, the hunt group has terrible audio quality. Let me know what's needed.",Telephony
"Issue. Good morning, Remote access isn't working, I can't reach anything internal. Please advise.",Endpoint Management
"Urgent. Hi, The audio is terrible on calls, lots of echo and cutting out. Thanks in advance.",Telephony
"Urgent: a distribution list. Hello, A distribution list lost access for half the team. Appreciate any help.",Email & Collaboration
"Issue. Good morning, After this morning my laptop just isn't behaving normally. Let me know what's needed.",Hardware
"Question about the data warehouse. Hi, The data warehouse is throwing deadlock errors. Thanks in advance.",Database
"Help needed — the call queue. Hey, The call queue isn't receiving incoming calls.",Telephony
"the CI/CD runner. Hi, Staging environment is down after the last deploy, can you roll it back.",Cloud & Infrastructure
"Help needed. Hi team, From home I can't connect to any internal systems at all.",Security
Problem. After this morning my laptop just isn't behaving normally. Can you take a look?,Endpoint Management
"Issue with the docking station. Hi team, Requesting a second monitor and a docking station for my new desk. Appreciate any help.",Hardware
Problem. Pages and reports hang for ages before anything shows up. Thanks in advance.,Network
"Issue with my mailbox quota. Hey, My mailbox quota lost access for half the team. Thanks in advance.",Email & Collaboration
"the headset for calls. Hello, The headset for calls shows the wrong caller ID. Also, the headset for calls has terrible audio quality. Let me know what's needed.",Telephony
"Urgent. Hi team, An error pops up and the whole thing stops working. Can you take a look?",Database
"Problem. Hello, I'm being refused access to files I'm supposed to see.",Security
"an expired TLS certificate. Hi, An expired tls certificate from an unknown IP in another country.",Security
Request: my extension. Callers say they can hear me but I can't hear them on the softphone. Can you take a look?,Telephony
"Problem: the Teams channel. Hi, The teams channel isn't receiving external email. Can you take a look?",Email & Collaboration
"Question about the Teams channel. Hi, The teams channel won't send messages and they stay in Outbox. Also, the Teams channel shows duplicate appointments. Thanks in advance.",Email & Collaboration
"Request: my extension. Hey, The support hotline calls aren't reaching the queue, customers complain. Also, my extension has no dial tone. When can this be fixed?",Telephony
"Not working. Hi, I can't connect from home today, it just spins and never loads. Can you take a look?",Endpoint Management
"Hello, I'm completely locked out and can't start my day.",Applications
"Question about an expired TLS certificate. Hi, I clicked a link in an email before realising it was fake, what should I do. Please advise.",Security
"the data warehouse. Hi, The data warehouse shows replication lag of several hours. Please advise.",Database
"Issue with an expired TLS certificate. An expired tls certificate I received and did not expect. Also, an expired TLS certificate blocking a legitimate vendor. This is blocking my work.",Security
Question. Callers say I sound broken up and then the line dies. This is blocking my work.,Telephony
"Issue with the softphone app. Hey, The softphone app drops calls after a few seconds. Please advise.",Telephony
"Issue with the OS upgrade. Hey, Windows update has been stuck installing for two days, can't use the laptop. Also, the OS upgrade won't enroll my new device. Let me know what's needed.",Endpoint Management
"the Kubernetes cluster. Hi team, The kubernetes cluster needs a new node pool added. Also, the Kubernetes cluster ran out of disk and crashed. Please advise.",Cloud & Infrastructure
"Urgent. Hi team, An error pops up and the whole thing stops working. When can this be fixed?",Applications
"Request: the webcam. Hey, The webcam won't charge past 1%. Thanks in advance.",Hardware
"Issue with my password. Hey, My password needs admin rights for the deployment tool. Appreciate any help.",Identity & Access
"access to the finance folder. Good morning, Access to the finance folder lost access after the reorg. Let me know what's needed.",Identity & Access
Urgent. After this morning my laptop just isn't behaving normally. Thanks in advance.,Hardware
"Help needed. Hello, Can't authenticate this morning, nothing I try works. Appreciate any help.",Identity & Access
"Everything is really slow today, the whole floor is affected. When can this be fixed?",Database
"Request: my Outlook. Hey, My sent items are missing after the mailbox migration last weekend.",Email & Collaboration
"Not working. Hi team, Can't get onto the company network from home this morning. This is blocking my work.",Endpoint Management
"Issue. Hey, From home I can't connect to any internal systems at all. Let me know what's needed.",Network
"Issue with the CI/CD runner. Hello, The ci/cd runner needs a new node pool added.",Cloud & Infrastructure
"the company VPN client install. The company vpn client install removed an app I need for work. Also, the company VPN client install isn't compliant in the management console. When can this be fixed?",Endpoint Management
"Question about my mailbox quota. Good morning, My mailbox quota is full and rejecting new mail. Let me know what's needed.",Email & Collaboration
"Good morning, It takes forever to load anything since this morning. Appreciate any help.",Cloud & Infrastructure
"Question. I can't connect from home today, it just spins and never loads. Please advise.",Endpoint Management
"Help needed. Hello, Getting an unexpected error and I can't continue with my task. Thanks in advance.",Applications
"Problem: the S3 bucket. Hey, The s3 bucket is running at 100% CPU. Also, the S3 bucket returns 503 behind the load balancer. Appreciate any help.",Cloud & Infrastructure
"the nightly backup job. Hi, The nightly backup job shows replication lag of several hours. When can this be fixed?",Database
"Good morning, After this morning my laptop just isn't behaving normally. This is blocking my work.",Endpoint Management
"Problem. Good morning, Performance is terrible right now, everyone is complaining. Let me know what's needed.",Cloud & Infrastructure
It says access denied when I try to open the team folder. Thanks in advance.,Security
"my Outlook. My outlook lost access for half the team. Also, my Outlook won't send messages and they stay in Outbox. Please advise.",Email & Collaboration
"Good morning, My laptop won't turn on this morning, nothing happens at all. This is blocking my work.",Endpoint Management
the timesheet tool. The timesheet tool shows a blank screen on the dashboard tab. This is blocking my work.,Applications
"Problem. Hi team, Received an odd message with a link, can someone check it. Thanks in advance.",Email & Collaboration
"Request: the Teams channel. Hi, My sent items are missing after the mailbox migration last weekend. Also, the Teams channel isn't receiving external email. Can you take a look?",Email & Collaboration
"Question about the DLP policy. Hey, The dlp policy warning me my machine is infected. Can you take a look?",Security
"Help needed — the antivirus alert. Hi, The antivirus alert from an unknown IP in another country. Also, the antivirus alert from an unknown IP in another country. This is blocking my work.",Security
"Question about my smartcard. Good morning, My smartcard isn't a member of the right security group. When can this be fixed?",Identity & Access
"Request: the conference room phone. Need my desk phone calls forwarded to my mobile while I travel next week. Also, the conference room phone has no dial tone. Please advise.",Telephony
"Urgent: the webcam. The webcam isn't detected when docked. Also, the webcam has keys that stopped working. When can this be fixed?",Hardware
"the security patch. Hi, My device shows as non-compliant and I lost access to email because of it. Also, the security patch failed to install and rolled back. Can you take a look?",Endpoint Management
"Urgent: a distribution list. Hello, Please add three new people to the 'all-sales' distribution list. Also, a distribution list shows the wrong free/busy status. Please advise.",Email & Collaboration
"Request: a suspicious login. A suspicious login that quarantined my file. Also, a suspicious login from an unknown IP in another country. Please advise.",Security
Urgent: a flagged attachment. A flagged attachment from an unknown IP in another country. Please advise.,Security
"Request: the call queue. Good morning, The call queue needs to be forwarded to my mobile. Let me know what's needed.",Telephony
"Help needed — the production EC2 instance. Hi team, Requesting a new S3 bucket with read-only access for the analytics group. This is blocking my work.",Cloud & Infrastructure
"Question. Hey, Massive slowdown across the board, work is barely possible. This is blocking my work.",Network
"Problem: the nightly backup job. Hi, A SELECT that used to take 1s now takes 40s after the last data load.",Database
the data warehouse. The data warehouse returns 'too many connections'. Can you take a look?,Database
"Problem: the shared drive permissions. Hello, I need to be added to the 'Project-Atlas' security group to see the files. Also, the shared drive permissions needs read access to the finance share. When can this be fixed?",Identity & Access
"Issue with the software deployment. Hi team, The software deployment isn't compliant in the management console. Appreciate any help.",Endpoint Management
"Urgent: my password. Hey, My password isn't a member of the right security group. Can you take a look?",Identity & Access
"Urgent: the corporate firewall. Good morning, The corporate firewall keeps dropping every few minutes. Can you take a look?",Network
"Request: the SharePoint site. Hello, My sent items are missing after the mailbox migration last weekend. Please advise.",Email & Collaboration
my keyboard. My keyboard screen flickers constantly.,Hardware
"Urgent. Hi, I can't log in this morning, it just keeps rejecting me. This is blocking my work.",Identity & Access
"Urgent: my password. Hey, New employee starts Monday and needs accounts and group access set up.",Identity & Access
"Issue. Hey, This email seems fishy and wants my credentials, what do I do. Let me know what's needed.",Email & Collaboration
"the VPN. Hello, The vpn shows 'limited connectivity'. Also, the VPN loses packets intermittently. Let me know what's needed.",Network
"Hi team, People can't reach me and my calls keep dropping after a second. Appreciate any help.",Telephony
"Issue. Hi team, Pages and reports hang for ages before anything shows up. Appreciate any help.",Cloud & Infrastructure
Problem: the data warehouse. A SELECT that used to take 1s now takes 40s after the last data load. When can this be fixed?,Database
"Urgent: the blob storage. Hi, Staging environment is down after the last deploy, can you roll it back. Please advise.",Cloud & Infrastructure
"Problem. Hello, I can't log in this morning, it just keeps rejecting me. This is blocking my work.",Security
"Issue with a suspicious login. Hi team, A suspicious login that quarantined my file. Also, a suspicious login that I think is a scam. When can this be fixed?",Security
"the nightly backup job. Hi team, The nightly backup job returns 'too many connections'. Appreciate any help.",Database
"Question about the staging environment. Hi team, The staging environment is running at 100% CPU.",Cloud & Infrastructure
"Question about the Azure VM. Staging environment is down after the last deploy, can you roll it back. Also, the Azure VM needs a new node pool added. Let me know what's needed.",Cloud & Infrastructure
"my headset. Hello, My headset won't charge past 1%. Thanks in advance.",Hardware
"Urgent: the management policy. Hello, The management policy is forcing a restart in the middle of meetings. Appreciate any help.",Endpoint Management
"Help needed — the CI/CD runner. Hi team, The ci/cd runner returns 503 behind the load balancer. Thanks in advance.",Cloud & Infrastructure
"Problem: my desk phone. Hello, Callers say they can hear me but I can't hear them on the softphone. Also, my desk phone isn't receiving incoming calls. This is blocking my work.",Telephony
"Hello, I'm completely locked out and can't start my day. Let me know what's needed.",Email & Collaboration
"Issue with the Teams channel. Hey, The teams channel lost access for half the team. Can you take a look?",Email & Collaboration
"Urgent: the autoscaling group. Hey, The autoscaling group is running at 100% CPU. Thanks in advance.",Cloud & Infrastructure
"Hi, It takes forever to load anything since this morning. Please advise.",Network
"Help needed — the device enrollment. Hey, After the latest patch my laptop boots to a black screen. Please advise.",Endpoint Management
"a distribution list. Hi team, Please add three new people to the 'all-sales' distribution list. When can this be fixed?",Email & Collaboration
"Urgent: a flagged attachment. Hi team, Reporting a colleague's account that is sending spam to the whole company. Please advise.",Security
"Problem: the switch in the server room. Hey, The switch in the server room drops whenever I join a video call. This is blocking my work.",Network
"Help needed — the staging environment. Hey, Requesting a new S3 bucket with read-only access for the analytics group. Also, the staging environment returns 503 behind the load balancer. Please advise.",Cloud & Infrastructure
"Issue with a distribution list. Hi, My sent items are missing after the mailbox migration last weekend.",Email & Collaboration
"Problem: the management policy. Hello, Windows update has been stuck installing for two days, can't use the laptop. Thanks in advance.",Endpoint Management
"Request: internet access. Hey, Internet access is extremely slow during peak hours. Also, internet access shows 'limited connectivity'. This is blocking my work.",Network
"the SharePoint site. Hello, The sharepoint site isn't receiving external email. This is blocking my work.",Email & Collaboration
"Issue. Hello, Massive slowdown across the board, work is barely possible.",Database
"Issue. Hey, Can't get onto the company network from home this morning. Can you take a look?",Network
Problem: the floor printer. The floor printer screen flickers constantly. Let me know what's needed.,Hardware
"Question about my smartcard. Hello, My smartcard needs admin rights for the deployment tool. Please advise.",Identity & Access
"Question. Good morning, Suddenly I'm blocked from a shared resource I need for work. Can you take a look?",Identity & Access
"Question about the timesheet tool. Hi team, I need a license assigned for the analytics application for a new team member. Can you take a look?",Applications
"Not working. Hey, Laptop restarts on its own in the middle of my work. Thanks in advance.",Endpoint Management
"Issue with the meeting invite. Hi team, Cannot book the 5th floor meeting room, it doesn't appear in the room list. Also, the meeting invite lost access for half the team. Appreciate any help.",Email & Collaboration
"Issue with the OS upgrade. Please push the standard software bundle to my freshly imaged laptop. Also, the OS upgrade isn't compliant in the management console.",Endpoint Management
"my security group membership. Hello, My security group membership needs admin rights for the deployment tool. This is blocking my work.",Identity & Access
"my laptop's Windows update. My laptop's windows update failed to install and rolled back. Also, my laptop's Windows update won't enroll my new device. Appreciate any help.",Endpoint Management
"Question about a suspicious login. Hi team, A suspicious login warning me my machine is infected. Also, a suspicious login warning me my machine is infected. When can this be fixed?",Security
"Help needed. Hey, I can't connect from home today, it just spins and never loads.",Security
"Question about a possible malware infection. Hello, A possible malware infection warning me my machine is infected. Also, a possible malware infection blocking a legitimate vendor. Appreciate any help.",Security
"a phishing email. Hey, Reporting a colleague's account that is sending spam to the whole company. Also, a phishing email that I think is a scam.",Security
"Not working. Hey, Laptop restarts on its own in the middle of my work. Thanks in advance.",Endpoint Management
"Issue with the contractor account. Hey, The contractor account needs to be provisioned for a new hire starting Monday.",Identity & Access
"Urgent. Good morning, It won't accept my credentials since the weekend. Appreciate any help.",Applications
Question about a flagged attachment. Reporting a colleague's account that is sending spam to the whole company. Please advise.,Security
"the Teams channel. Good morning, My sent items are missing after the mailbox migration last weekend. Also, the Teams channel isn't receiving external email. Can you take a look?",Email & Collaboration
"Problem: the SharePoint site. Good morning, The sharepoint site won't send messages and they stay in Outbox. Thanks in advance.",Email & Collaboration
"Urgent: the MFA app. Hey, I need to be added to the 'Project-Atlas' security group to see the files. Also, the MFA app needs admin rights for the deployment tool.",Identity & Access
"Request: the software deployment. Hi team, My device shows as non-compliant and I lost access to email because of it. Thanks in advance.",Endpoint Management
"Question about the conference room phone. Hi, The conference room phone isn't receiving incoming calls. Thanks in advance.",Telephony
"Not working. Hello, Getting an unexpected error and I can't continue with my task.",Applications
"Question about the reporting database. Good morning, The reporting database hasn't completed since 2am. Appreciate any help.",Database
"Urgent. Hi, My machine froze and now it won't boot properly. Let me know what's needed.",Hardware
"Permission error opening the drive, I had access last week. Let me know what's needed.",Identity & Access
"Problem: the blob storage. Hi team, The blob storage won't scale up under load. Also, the blob storage ran out of disk and crashed. Can you take a look?",Cloud & Infrastructure
Problem. An error pops up and the whole thing stops working. Let me know what's needed.,Applications
"the corporate firewall. Hi, The corporate firewall can't reach the 10.x.x.x subnet. Let me know what's needed.",Network
"a possible malware infection. Hi team, Got an alert that someone signed into my account from Brazil at 3am. Can you take a look?",Security
"Question about a distribution list. Hi team, A distribution list shows duplicate appointments. Let me know what's needed.",Email & Collaboration
"Question. Hi, Massive slowdown across the board, work is barely possible. Let me know what's needed.",Cloud & Infrastructure
"the replication slave. Hi team, The replication slave is running out of disk on the data volume. Also, the replication slave returns 'too many connections'. Appreciate any help.",Database
"Request: the design software license. Hi team, I need a license assigned for the analytics application for a new team member. Can you take a look?",Applications
"Question. Hi team, It says access denied when I try to open the team folder. When can this be fixed?",Identity & Access
"Urgent. Strange message landed in my inbox, not sure it's legitimate. Thanks in advance.",Email & Collaboration
"Help needed — my smartcard. Hey, My smartcard should be disabled, the person left. This is blocking my work.",Identity & Access
"Question about my headset. Hello, The printer on the 2nd floor keeps jamming on every print job. Can you take a look?",Hardware
"Hey, From home I can't connect to any internal systems at all.",Network
"Issue. Hi, The audio is terrible on calls, lots of echo and cutting out. Appreciate any help.",Telephony
"Question about the softphone app. Good morning, The softphone app drops calls after a few seconds. Can you take a look?",Telephony
"Problem: the staging environment. Hello, Please provision a new VM with 16GB RAM for the data team's pipeline.",Cloud & Infrastructure
"Request: my headset. Good morning, My laptop fell and the screen is now cracked, need a replacement. Please advise.",Hardware
"Urgent: the antivirus client. Good morning, Windows update has been stuck installing for two days, can't use the laptop. This is blocking my work.",Endpoint Management
"my headset. Good morning, My headset has several dead pixels. Thanks in advance.",Hardware
"the S3 bucket. Good morning, Staging environment is down after the last deploy, can you roll it back.",Cloud & Infrastructure
"Urgent: the device enrollment. Good morning, My device shows as non-compliant and I lost access to email because of it. Please advise.",Endpoint Management
"Issue. Good morning, It says my account is locked and I can't get in. When can this be fixed?",Applications
"Urgent: a stored procedure. Hey, A stored procedure is throwing deadlock errors. Please advise.",Database
"Hey, My laptop won't turn on this morning, nothing happens at all. This is blocking my work.",Hardware
"a phishing email. Hello, A phishing email that I think is a scam. Let me know what's needed.",Security
"the laptop fan. Hi, The laptop fan screen flickers constantly. Appreciate any help.",Hardware
"Urgent: the guest network. Hi team, Port on the wall jack at desk B-12 seems dead, no link light. Thanks in advance.",Network
Issue with the branch-office link. The branch-office link is extremely slow during peak hours. Let me know what's needed.,Network
"the DLP policy. Good morning, Reporting a colleague's account that is sending spam to the whole company. Thanks in advance.",Security
"Help needed — the accounting software. Hi, The accounting software shows a blank screen on the dashboard tab. Thanks in advance.",Applications
"Urgent: the blob storage. Hi team, The blob storage needs more memory provisioned.",Cloud & Infrastructure
Urgent: the company VPN client install. The company vpn client install failed to install and rolled back. This is blocking my work.,Endpoint Management
"Question about the orders table. We need an index added on the customer_id column, the report is unusable. Thanks in advance.",Database
"the hunt group. The hunt group has no dial tone. Also, the hunt group has terrible audio quality. This is blocking my work.",Telephony
"Problem: the load balancer. Hi team, The load balancer keeps dropping every few minutes. When can this be fixed?",Network
the company VPN client install. The company vpn client install isn't compliant in the management console. Appreciate any help.,Endpoint Management
"Issue with the autoscaling group. Hi team, The autoscaling group ran out of disk and crashed. Appreciate any help.",Cloud & Infrastructure
"Urgent: the contractor account. Hi team, Please grant me read access to the \\fileserver\finance share. Appreciate any help.",Identity & Access
"Urgent: the laptop battery. Good morning, The laptop battery has keys that stopped working. Appreciate any help.",Hardware
"my smartcard. Hey, Offboarding: please disable all access for an employee who left today.",Identity & Access
"Urgent: access to the finance folder. I need to be added to the 'Project-Atlas' security group to see the files. Also, access to the finance folder needs to be provisioned for a new hire starting Monday. Let me know what's needed.",Identity & Access
"Question. Hi team, Laptop restarts on its own in the middle of my work. Appreciate any help.",Hardware
"Question about access to the finance folder. Hello, New employee starts Monday and needs accounts and group access set up. Also, access to the finance folder lost access after the reorg. Please advise.",Identity & Access
"Not working. Hey, Getting an unexpected error and I can't continue with my task. This is blocking my work.",Database
"Urgent. Good morning, Things are crawling and timing out, was fine yesterday. Let me know what's needed.",Network
"Problem. Hey, Permission error opening the drive, I had access last week. When can this be fixed?",Security
"the meeting invite. Hi, The meeting invite shows duplicate appointments. This is blocking my work.",Email & Collaboration
Request: the office WiFi. The office wifi has very high latency. Please advise.,Network
"Urgent: the corporate firewall. Hey, Site-to-site tunnel between HQ and the warehouse is down. This is blocking my work.",Network
"Hello, Received an odd message with a link, can someone check it.",Security
"Question. Hey, Remote access isn't working, I can't reach anything internal. Please advise.",Network
Question. It says my account is locked and I can't get in. Appreciate any help.,Identity & Access
"Question about the connection pool. Hi, Restoring the staging DB from yesterday's dump for a test, can you assist. Can you take a look?",Database
Question. From home I can't connect to any internal systems at all.,Network
"my account. Good morning, Offboarding: please disable all access for an employee who left today. Please advise.",Identity & Access
"Request: my security group membership. Hey, I need to be added to the 'Project-Atlas' security group to see the files.",Identity & Access
"DNS resolution. Hi, Cannot reach internal servers from the 4th floor since this morning. When can this be fixed?",Network
"Urgent: the management policy. Good morning, Please push the standard software bundle to my freshly imaged laptop. Also, the management policy removed an app I need for work. Let me know what's needed.",Endpoint Management
"Help needed — the docking station. Hi, My laptop fell and the screen is now cracked, need a replacement. Thanks in advance.",Hardware
"Issue with the guest network. Hi team, The guest network loses packets intermittently. Please advise.",Network
"Urgent: the softphone app. Hi, Need my desk phone calls forwarded to my mobile while I travel next week. Also, the softphone app needs to be forwarded to my mobile. Let me know what's needed.",Telephony
"my mailbox quota. Need a new shared mailbox created for the support team. Also, my mailbox quota shows duplicate appointments. Can you take a look?",Email & Collaboration
"Question about my security group membership. Hi, My security group membership should be disabled, the person left. This is blocking my work.",Identity & Access
"Not working. Hello, Getting an unexpected error and I can't continue with my task. Can you take a look?",Applications
"Help needed. Hi, The audio is terrible on calls, lots of echo and cutting out. Please advise.",Telephony
"Help needed — the MFA app. Hi, The mfa app needs admin rights for the deployment tool. Let me know what's needed.",Identity & Access
"Question. Hi, This email seems fishy and wants my credentials, what do I do. When can this be fixed?",Email & Collaboration
"the accounting software. Hi team, The accounting software shows the wrong totals on the report. Also, the accounting software needs to be installed on my new laptop. When can this be fixed?",Applications
"Question about the docking station. Hey, Need the SSD upgraded, I'm constantly out of disk space on this machine. Also, the docking station makes a clicking noise on startup. Can you take a look?",Hardware
"Question. Hi team, It says my account is locked and I can't get in. This is blocking my work.",Email & Collaboration
"the hunt group. Hi, The hunt group won't let me access voicemail. Appreciate any help.",Telephony
"Not working. Hi team, The audio is terrible on calls, lots of echo and cutting out. Let me know what's needed.",Telephony
"Hi, My laptop won't turn on this morning, nothing happens at all. This is blocking my work.",Endpoint Management
"Help needed — the CI/CD runner. Hi team, The ci/cd runner is running at 100% CPU. Also, the CI/CD runner needs a new node pool added. Appreciate any help.",Cloud & Infrastructure
"the office WiFi. Hey, Site-to-site tunnel between HQ and the warehouse is down. Appreciate any help.",Network
"Problem. Hi team, It says access denied when I try to open the team folder. Let me know what's needed.",Identity & Access
"Urgent: the guest network. Hi, Port on the wall jack at desk B-12 seems dead, no link light. Also, the guest network has very high latency. This is blocking my work.",Network
"Request: the docking station. Hello, My laptop fell and the screen is now cracked, need a replacement. Also, the docking station won't charge past 1%.",Hardware
"Urgent. Hi team, My laptop won't turn on this morning, nothing happens at all. Let me know what's needed.",Hardware
"Hello, It keeps failing with an error message I don't understand. Please advise.",Database
"Urgent. Hi, Things are crawling and timing out, was fine yesterday. Let me know what's needed.",Database
"my laptop. Hi team, My laptop makes a clicking noise on startup. This is blocking my work.",Hardware
"Issue. Hello, Can't get onto the company network from home this morning. Appreciate any help.",Security
"the shared mailbox. Hi, Please add three new people to the 'all-sales' distribution list. Also, the shared mailbox shows the wrong free/busy status. When can this be fixed?",Email & Collaboration
"my account. Hi, New employee starts Monday and needs accounts and group access set up. Let me know what's needed.",Identity & Access
"Problem. Hi, Keeps asking me to sign in again and again and never lets me through. Appreciate any help.",Identity & Access
"Problem. Hi, Response times are awful today and it keeps stalling. Thanks in advance.",Database
"Hey, Remote access isn't working, I can't reach anything internal. Let me know what's needed.",Endpoint Management
"Issue. Good morning, Remote access isn't working, I can't reach anything internal. Appreciate any help.",Network
"Question about the corporate firewall. Hello, Site-to-site tunnel between HQ and the warehouse is down. This is blocking my work.",Network
"Request: the staging environment. Hello, The production pods keep getting OOMKilled, need higher limits. Please advise.",Cloud & Infrastructure
"Not working. Hi, Response times are awful today and it keeps stalling. Can you take a look?",Database
"Issue. Hi team, Suddenly I'm blocked from a shared resource I need for work. Please advise.",Identity & Access
"Problem. Hi, Performance is terrible right now, everyone is complaining. Please advise.",Network
"Request: the meeting invite. The meeting invite lost access for half the team. Also, the meeting invite is full and rejecting new mail. Let me know what's needed.",Email & Collaboration
"Help needed — the CRM. Good morning, The crm is missing the latest update. Also, the CRM shows a blank screen on the dashboard tab. Let me know what's needed.",Applications
Not working. Keeps asking me to sign in again and again and never lets me through. Can you take a look?,Applications
"Urgent. Hi, Can't get onto the company network from home this morning. Can you take a look?",Endpoint Management
"Not working. Hi team, Response times are awful today and it keeps stalling. Let me know what's needed.",Cloud & Infrastructure
"Help needed. Hello, Things are crawling and timing out, was fine yesterday. Thanks in advance.",Database
"Request: the switch in the server room. Hey, The switch in the server room times out when I open internal sites. Also, the switch in the server room has very high latency. Appreciate any help.",Network
Problem: the expense app. The monthly report in the BI tool shows numbers that don't match finance. Let me know what's needed.,Applications
"Question. Hi team, I can't connect from home today, it just spins and never loads. This is blocking my work.",Network
"Urgent. Hi team, Callers say I sound broken up and then the line dies. Thanks in advance.",Telephony
"the VLAN on floor 3. Hi team, The vlan on floor 3 has very high latency. Let me know what's needed.",Network
"Question about the Teams channel. Good morning, Need a new shared mailbox created for the support team. Please advise.",Email & Collaboration
"Issue with the headset for calls. Hello, Callers say they can hear me but I can't hear them on the softphone. When can this be fixed?",Telephony
"Issue with a distribution list. Hello, A distribution list lost access for half the team. This is blocking my work.",Email & Collaboration
"Request: the replication slave. Hi team, Restoring the staging DB from yesterday's dump for a test, can you assist. Appreciate any help.",Database
"Issue with the replication slave. Hi team, We need an index added on the customer_id column, the report is unusable. This is blocking my work.",Database
"Question about a possible malware infection. Hi, A possible malware infection I received and did not expect. This is blocking my work.",Security
"Urgent. Hi team, Strange message landed in my inbox, not sure it's legitimate. Appreciate any help.",Security
"Urgent: the floor printer. Good morning, The floor printer isn't detected when docked. Also, the floor printer screen flickers constantly. Thanks in advance.",Hardware
"Not working. Hi, I'm completely locked out and can't start my day.",Security
"Urgent: the switch in the server room. Good morning, Cannot reach internal servers from the 4th floor since this morning.",Network
"Hello, I'm being refused access to files I'm supposed to see. When can this be fixed?",Identity & Access
Help needed — the docking station. Requesting a second monitor and a docking station for my new desk. Can you take a look?,Hardware
"Question about the shared drive permissions. Hello, Please grant me read access to the \\fileserver\finance share. Can you take a look?",Identity & Access
"Request: the Azure VM. Hi, The azure vm returns 503 behind the load balancer. Also, the Azure VM returns 503 behind the load balancer. This is blocking my work.",Cloud & Infrastructure
"Request: internet access. Internet access is extremely slow during peak hours. Also, internet access is extremely slow during peak hours. Let me know what's needed.",Network
"Request: a flagged attachment. A flagged attachment that I think is a scam. Also, a flagged attachment that looks like account takeover. Let me know what's needed.",Security
"Issue. Hi, Working remotely and nothing internal will load, was fine yesterday. When can this be fixed?",Network
"Problem: the hunt group. Hi, The support hotline calls aren't reaching the queue, customers complain. Can you take a look?",Telephony
"Urgent: the ERP system. Good morning, Please install the latest version of the design suite on my machine. Also, the ERP system needs to be installed on my new laptop. Appreciate any help.",Applications
"Question. Hi team, Can't get onto the company network from home this morning. When can this be fixed?",Endpoint Management
"Help needed — the firewall rule for the payment vendor. Good morning, Reporting a colleague's account that is sending spam to the whole company. Also, the firewall rule for the payment vendor that quarantined my file. Let me know what's needed.",Security
Question about the headset for calls. Please set up a new extension and voicemail box for a new starter. Let me know what's needed.,Telephony
"Help needed — the hunt group. Hi team, The hunt group has terrible audio quality. When can this be fixed?",Telephony
"Help needed — my headset. Hey, My laptop fell and the screen is now cracked, need a replacement. Thanks in advance.",Hardware
"Hi team, I get 'you don't have permission' on a folder I used to reach. When can this be fixed?",Security
"Problem: the Oracle instance. Hello, Restoring the staging DB from yesterday's dump for a test, can you assist. Appreciate any help.",Database
Urgent: my voicemail. My voicemail has no dial tone. Let me know what's needed.,Telephony
"Urgent: the replication slave. Hello, We need an index added on the customer_id column, the report is unusable. Please advise.",Database
Help needed. I get 'you don't have permission' on a folder I used to reach. Please advise.,Security
"DNS resolution. Good morning, Dns resolution times out when I open internal sites. Also, DNS resolution loses packets intermittently.",Network
"Help needed — the softphone app. Hi, Please set up a new extension and voicemail box for a new starter. When can this be fixed?",Telephony
"Issue with the laptop fan. Hey, Requesting a second monitor and a docking station for my new desk. Appreciate any help.",Hardware
"Problem: the connection pool. Good morning, A SELECT that used to take 1s now takes 40s after the last data load. Thanks in advance.",Database
"Problem: the timesheet tool. Good morning, The timesheet tool shows the wrong totals on the report. Let me know what's needed.",Applications
"Question. Good morning, I can't log in this morning, it just keeps rejecting me. Can you take a look?",Applications
"Question. Remote access isn't working, I can't reach anything internal. Let me know what's needed.",Network
"Hello, I can't connect from home today, it just spins and never loads. This is blocking my work.",Network
"Help needed. Hi team, My password doesn't work anymore and I'm stuck outside.",Identity & Access
"Issue. Hey, Working remotely and nothing internal will load, was fine yesterday. Can you take a look?",Network
"Issue. Hi team, It says my account is locked and I can't get in. Please advise.",Applications
"Help needed. Good morning, Can't authenticate this morning, nothing I try works.",Security
"a flagged attachment. Hello, A flagged attachment that I think is a scam. Appreciate any help.",Security
"Problem: my account. Good morning, New employee starts Monday and needs accounts and group access set up. Also, my account isn't a member of the right security group. When can this be fixed?",Identity & Access
"Help needed — my keyboard. Hi team, Need the SSD upgraded, I'm constantly out of disk space on this machine. When can this be fixed?",Hardware
"Request: my security group membership. Hi team, My security group membership needs admin rights for the deployment tool. Please advise.",Identity & Access
"Not working. Hi team, Callers say I sound broken up and then the line dies. This is blocking my work.",Telephony
"Question about the production EC2 instance. Hi team, Staging environment is down after the last deploy, can you roll it back. Also, the production EC2 instance is stuck in 'pending'. This is blocking my work.",Cloud & Infrastructure
"Issue with the Kubernetes cluster. Staging environment is down after the last deploy, can you roll it back. Thanks in advance.",Cloud & Infrastructure
"Urgent. Hi team, Response times are awful today and it keeps stalling. Can you take a look?",Network
"Urgent. Hello, Remote access isn't working, I can't reach anything internal. When can this be fixed?",Network
"Not working. Hey, It says access denied when I try to open the team folder. Thanks in advance.",Identity & Access
"Question about internet access. Hey, Internet access keeps dropping every few minutes. When can this be fixed?",Network
"Help needed — the shared mailbox. Hi, The shared mailbox shows duplicate appointments. When can this be fixed?",Email & Collaboration
"Issue with the autoscaling group. Hi team, The autoscaling group returns 503 behind the load balancer. Appreciate any help.",Cloud & Infrastructure
"Hello, My laptop won't turn on this morning, nothing happens at all. Thanks in advance.",Hardware
"Urgent: the staging environment. Hey, The staging environment won't scale up under load. Appreciate any help.",Cloud & Infrastructure
"Request: my voicemail. Hi, Please set up a new extension and voicemail box for a new starter. Can you take a look?",Telephony
"Issue. This email seems fishy and wants my credentials, what do I do. Appreciate any help.",Security
"Question about my security group membership. Hey, Offboarding: please disable all access for an employee who left today. Also, my security group membership needs to be provisioned for a new hire starting Monday.",Identity & Access
"Hey, Laptop restarts on its own in the middle of my work. This is blocking my work.",Hardware
It won't accept my credentials since the weekend. Please advise.,Applications
"Problem: the Azure VM. Hello, Please provision a new VM with 16GB RAM for the data team's pipeline. Can you take a look?",Cloud & Infrastructure
Request: the timesheet tool. The timesheet tool freezes when exporting to Excel. When can this be fixed?,Applications
"Hi team, It says access denied when I try to open the team folder. Let me know what's needed.",Security
"Not working. Hello, The audio is terrible on calls, lots of echo and cutting out. When can this be fixed?",Telephony
"Question about the CI/CD runner. Hi, The ci/cd runner needs more memory provisioned. Also, the CI/CD runner returns 503 behind the load balancer. Appreciate any help.",Cloud & Infrastructure
"Urgent. Hi, Laptop restarts on its own in the middle of my work. Let me know what's needed.",Endpoint Management
"Request: internet access. Hi, Internet access keeps dropping every few minutes. This is blocking my work.",Network
"the external monitor. Hi, The external monitor screen flickers constantly. When can this be fixed?",Hardware
"disk encryption (BitLocker). Hey, Disk encryption (bitlocker) failed to install and rolled back. Also, disk encryption (BitLocker) is stuck at 0% and won't finish. Please advise.",Endpoint Management
"Request: the laptop battery. Hi, Requesting a second monitor and a docking station for my new desk. Can you take a look?",Hardware
"the production EC2 instance. Hello, The production ec2 instance won't scale up under load. Also, the production EC2 instance is stuck in 'pending'. Let me know what's needed.",Cloud & Infrastructure
"Help needed — the production EC2 instance. Good morning, Requesting a new S3 bucket with read-only access for the analytics group. Also, the production EC2 instance is stuck in 'pending'. When can this be fixed?",Cloud & Infrastructure
"Issue with the VLAN on floor 3. Hi team, The vlan on floor 3 won't connect at all. Let me know what's needed.",Network
"Problem. Hello, Performance is terrible right now, everyone is complaining. When can this be fixed?",Database
"my security group membership. Hi team, My security group membership lost access after the reorg. Also, my security group membership needs read access to the finance share. Appreciate any help.",Identity & Access
Problem. Laptop restarts on its own in the middle of my work.,Endpoint Management
"Urgent. Hi, The system throws an error every time I try to save. Please advise.",Database
"Question about the data warehouse. Good morning, Restoring the staging DB from yesterday's dump for a test, can you assist. Can you take a look?",Database
"Urgent: the VLAN on floor 3. The vlan on floor 3 can't reach the 10.x.x.x subnet. Also, the VLAN on floor 3 keeps dropping every few minutes. When can this be fixed?",Network
"Urgent: the company VPN client install. Good morning, The company vpn client install won't enroll my new device.",Endpoint Management
"Hello, Can't get onto the company network from home this morning. When can this be fixed?",Security
"Help needed — my voicemail. Hi team, Need my desk phone calls forwarded to my mobile while I travel next week. Please advise.",Telephony
Question. Pages and reports hang for ages before anything shows up. Thanks in advance.,Network
"Problem: the accounting software. The ERP rejects my purchase order with a validation error every time. Also, the accounting software needs to be installed on my new laptop. Thanks in advance.",Applications
"Issue with the data warehouse. Hey, Restoring the staging DB from yesterday's dump for a test, can you assist. Let me know what's needed.",Database
"the management policy. Hi team, The management policy is forcing a restart in the middle of meetings. This is blocking my work.",Endpoint Management
"Good morning, Everything is really slow today, the whole floor is affected.",Cloud & Infrastructure
"Urgent: the VLAN on floor 3. Port on the wall jack at desk B-12 seems dead, no link light. Let me know what's needed.",Network
"the DLP policy. Hey, The dlp policy that I think is a scam. Also, the DLP policy that I think is a scam. Let me know what's needed.",Security
"Urgent: access to the finance folder. Good morning, Offboarding: please disable all access for an employee who left today. This is blocking my work.",Identity & Access
"my keyboard. Hey, The printer on the 2nd floor keeps jamming on every print job. Thanks in advance.",Hardware
a stored procedure. A stored procedure hasn't completed since 2am. This is blocking my work.,Database
"Problem: the company signature. Hello, The company signature lost access for half the team.",Email & Collaboration
"Request: a possible malware infection. Hi, Got an alert that someone signed into my account from Brazil at 3am. Also, a possible malware infection blocking a legitimate vendor. Please advise.",Security
"Urgent: the internal HR portal. Please install the latest version of the design suite on my machine. Also, the internal HR portal says my license has expired.",Applications
"Hi team, I can't make or receive any calls since this morning. Can you take a look?",Telephony
"Issue. Hi team, I got a weird email asking me to log in and confirm my password. Can you take a look?",Email & Collaboration
"Issue. Hey, People can't reach me and my calls keep dropping after a second. Appreciate any help.",Telephony
"the shared drive permissions. Hi team, The shared drive permissions needs to be provisioned for a new hire starting Monday. Also, the shared drive permissions needs to be provisioned for a new hire starting Monday. Can you take a look?",Identity & Access
"Request: the SharePoint site. Good morning, Cannot book the 5th floor meeting room, it doesn't appear in the room list. Also, the SharePoint site shows the wrong free/busy status. This is blocking my work.",Email & Collaboration
"Issue with my keyboard. Hi, My keyboard has several dead pixels. Please advise.",Hardware
"Hi, Working remotely and nothing internal will load, was fine yesterday. Appreciate any help.",Endpoint Management
"Issue. Hey, Performance is terrible right now, everyone is complaining. Appreciate any help.",Network
"Help needed. Hello, I got a weird email asking me to log in and confirm my password. Thanks in advance.",Email & Collaboration
"Hey, The system throws an error every time I try to save. Can you take a look?",Applications
"Issue with my keyboard. Good morning, The printer on the 2nd floor keeps jamming on every print job.",Hardware
"Help needed. Good morning, After this morning my laptop just isn't behaving normally. Let me know what's needed.",Endpoint Management
"Problem. Hi, Laptop restarts on its own in the middle of my work.",Hardware
"Urgent. Hi team, I can't log in this morning, it just keeps rejecting me. Let me know what's needed.",Email & Collaboration
"Issue. Good morning, Performance is terrible right now, everyone is complaining. Please advise.",Database
Help needed. My machine froze and now it won't boot properly. Please advise.,Endpoint Management
"Hey, Laptop restarts on its own in the middle of my work. Please advise.",Hardware
Pages and reports hang for ages before anything shows up. Appreciate any help.,Cloud & Infrastructure
"Help needed — the CI/CD runner. Hello, The ci/cd runner needs more memory provisioned. Thanks in advance.",Cloud & Infrastructure
"Problem: the Azure VM. Hi, The azure vm ran out of disk and crashed. Let me know what's needed.",Cloud & Infrastructure
"Question about my smartcard. Hey, My smartcard needs to be provisioned for a new hire starting Monday. Can you take a look?",Identity & Access
"Urgent: my laptop's Windows update. Good morning, Please push the standard software bundle to my freshly imaged laptop. Also, my laptop's Windows update failed to install and rolled back. Appreciate any help.",Endpoint Management
"Urgent: the VLAN on floor 3. Good morning, The vlan on floor 3 drops whenever I join a video call. Also, the VLAN on floor 3 shows 'limited connectivity'. Appreciate any help.",Network
"my smartcard. Hello, My smartcard needs read access to the finance share. Appreciate any help.",Identity & Access
"Problem. My laptop won't turn on this morning, nothing happens at all. Thanks in advance.",Hardware
"Problem: the timesheet tool. Hello, The timesheet tool shows a blank screen on the dashboard tab. Please advise.",Applications
"the DLP policy. Hey, The dlp policy blocking a legitimate vendor. Please advise.",Security
"the MFA app. Hey, The mfa app needs admin rights for the deployment tool. Also, the MFA app needs read access to the finance share.",Identity & Access
"Problem: the external monitor. Hi team, Requesting a second monitor and a docking station for my new desk. Please advise.",Hardware
"Question about the antivirus alert. Hi team, The antivirus alert that quarantined my file. Also, the antivirus alert that quarantined my file. Please advise.",Security
"Issue with the ERP system. Good morning, The erp system needs to be installed on my new laptop.",Applications
"Urgent. Hi team, Can't authenticate this morning, nothing I try works. Let me know what's needed.",Applications
"Request: the design software license. Hey, The design software license is missing the latest update. This is blocking my work.",Applications
The system throws an error every time I try to save. Let me know what's needed.,Database
"Good morning, It says my account is locked and I can't get in. Please advise.",Applications
"Issue with a suspicious login. Hi, Reporting a colleague's account that is sending spam to the whole company. Thanks in advance.",Security
"Help needed — the timesheet tool. Good morning, I need a license assigned for the analytics application for a new team member. This is blocking my work.",Applications
"Not working. Hello, Performance is terrible right now, everyone is complaining. Thanks in advance.",Cloud & Infrastructure
"Question about the VLAN on floor 3. Hi team, The vlan on floor 3 drops whenever I join a video call. Also, the VLAN on floor 3 loses packets intermittently. When can this be fixed?",Network
"Question about the SharePoint site. Hi, Cannot book the 5th floor meeting room, it doesn't appear in the room list. Can you take a look?",Email & Collaboration
"Issue. Hello, It keeps failing with an error message I don't understand. Please advise.",Applications
"Issue with the Azure VM. Good morning, Please provision a new VM with 16GB RAM for the data team's pipeline. Also, the Azure VM is stuck in 'pending'. Please advise.",Cloud & Infrastructure
"Urgent. Good morning, Something errors out whenever I open my records.",Applications
"Not working. Good morning, Working remotely and nothing internal will load, was fine yesterday. Let me know what's needed.",Endpoint Management
"Help needed — the DLP policy. Hi team, Got an alert that someone signed into my account from Brazil at 3am. Appreciate any help.",Security
"Issue with the SharePoint site. Hey, Cannot book the 5th floor meeting room, it doesn't appear in the room list. Can you take a look?",Email & Collaboration
"Question. Hey, Callers say I sound broken up and then the line dies. This is blocking my work.",Telephony
Help needed — the orders table. A SELECT that used to take 1s now takes 40s after the last data load.,Database
"Not working. Performance is terrible right now, everyone is complaining. This is blocking my work.",Cloud & Infrastructure
"Urgent. Hello, Everything is really slow today, the whole floor is affected.",Database
"the conference room phone. Hi team, Need my desk phone calls forwarded to my mobile while I travel next week. When can this be fixed?",Telephony
"Question. Hey, I can't connect from home today, it just spins and never loads. Appreciate any help.",Endpoint Management
"Problem. Hi team, Pages and reports hang for ages before anything shows up. Can you take a look?",Database
"Question about the VLAN on floor 3. Hello, The vlan on floor 3 times out when I open internal sites. Please advise.",Network
"Request: DNS resolution. Good morning, Ping to the gateway is over 300ms across the whole department.",Network
"Problem: my security group membership. My security group membership needs read access to the finance share. Also, my security group membership isn't a member of the right security group. Please advise.",Identity & Access
"Good morning, Things are crawling and timing out, was fine yesterday. When can this be fixed?",Cloud & Infrastructure
"Not working. Hi, Performance is terrible right now, everyone is complaining. Can you take a look?",Cloud & Infrastructure
"Hey, My machine froze and now it won't boot properly. Thanks in advance.",Hardware
"Help needed. Hi, It says my account is locked and I can't get in. Please advise.",Applications
Request: my calendar. My calendar shows the wrong free/busy status. When can this be fixed?,Email & Collaboration
"Urgent. Hi team, Everything is really slow today, the whole floor is affected. Let me know what's needed.",Cloud & Infrastructure
"Problem: DNS resolution. Good morning, Dns resolution won't connect at all. Appreciate any help.",Network
"Request: the design software license. Good morning, The design software license shows the wrong totals on the report. Appreciate any help.",Applications
"my account. Good morning, My account lost access after the reorg. When can this be fixed?",Identity & Access
"Hi, I'm completely locked out and can't start my day. Appreciate any help.",Security
"Hi team, Permission error opening the drive, I had access last week. Let me know what's needed.",Security
"Help needed. Hey, It won't accept my credentials since the weekend. Let me know what's needed.",Email & Collaboration
"the BI dashboard. Hi team, The ERP rejects my purchase order with a validation error every time. This is blocking my work.",Applications
"my Outlook. Good morning, Need a new shared mailbox created for the support team. Also, my Outlook isn't syncing on my phone. When can this be fixed?",Email & Collaboration
"Problem: the company VPN client install. Hi, The company vpn client install is forcing a restart in the middle of meetings. Thanks in advance.",Endpoint Management
"Help needed — a possible malware infection. Hi, A possible malware infection I received and did not expect. Can you take a look?",Security
"Issue. Hey, Working remotely and nothing internal will load, was fine yesterday. Can you take a look?",Security
"Request: the office WiFi. Hello, The office wifi has very high latency. Please advise.",Network
"the firewall rule for the payment vendor. Good morning, Got an alert that someone signed into my account from Brazil at 3am. Thanks in advance.",Security
"the new joiner's account. Hello, The new joiner's account needs read access to the finance share. Can you take a look?",Identity & Access
"Issue with my smartcard. Hello, My smartcard should be disabled, the person left. Can you take a look?",Identity & Access
"Issue with the antivirus client. Hello, After the latest patch my laptop boots to a black screen. Please advise.",Endpoint Management
"Not working. This email seems fishy and wants my credentials, what do I do. Please advise.",Email & Collaboration
"Problem. Hi, I can't make or receive any calls since this morning. When can this be fixed?",Telephony
Problem. From home I can't connect to any internal systems at all. Please advise.,Network
"Problem: the floor printer. Hello, The floor printer isn't detected when docked. Also, the floor printer is overheating and very loud. Appreciate any help.",Hardware
"Urgent: the hunt group. Good morning, The hunt group needs to be forwarded to my mobile. When can this be fixed?",Telephony
"Hello, Getting an unexpected error and I can't continue with my task. Thanks in advance.",Applications
"Not working. Hello, From home I can't connect to any internal systems at all. Appreciate any help.",Endpoint Management
"Problem: the connection pool. Hi, Last night's backup failed with an I/O error and didn't retry. Also, the connection pool shows replication lag of several hours. When can this be fixed?",Database
"Urgent: my Outlook. Hi team, My sent items are missing after the mailbox migration last weekend. Please advise.",Email & Collaboration
"Problem: the VPN. Hey, The vpn can't reach the 10.x.x.x subnet. Also, the VPN won't connect at all.",Network
"Problem. Good morning, Getting an unexpected error and I can't continue with my task. When can this be fixed?",Applications
"Issue with the meeting invite. Cannot book the 5th floor meeting room, it doesn't appear in the room list. Please advise.",Email & Collaboration
"the MFA app. Hi team, The mfa app needs to be provisioned for a new hire starting Monday. Can you take a look?",Identity & Access
"Question about my laptop. Good morning, The printer on the 2nd floor keeps jamming on every print job. When can this be fixed?",Hardware
"Problem: the switch in the server room. Hi, Cannot reach internal servers from the 4th floor since this morning. Let me know what's needed.",Network
"Question about the antivirus client. Hi, Windows update has been stuck installing for two days, can't use the laptop. Please advise.",Endpoint Management
"Question about a stored procedure. Hello, A stored procedure queries are timing out. Please advise.",Database
"Question. Permission error opening the drive, I had access last week.",Identity & Access
"Hello, Things are crawling and timing out, was fine yesterday. Please advise.",Cloud & Infrastructure
"Problem: my account. Hi, My account needs admin rights for the deployment tool. Also, my account needs read access to the finance share. Can you take a look?",Identity & Access
"Issue. Hello, I got a weird email asking me to log in and confirm my password. When can this be fixed?",Security
"Not working. Hey, Something errors out whenever I open my records. This is blocking my work.",Database
"the VPN. Good morning, Ping to the gateway is over 300ms across the whole department. Also, the VPN drops whenever I join a video call. Can you take a look?",Network
"Help needed — my account. Hey, New employee starts Monday and needs accounts and group access set up. Thanks in advance.",Identity & Access
"the corporate firewall. Hey, Cannot reach internal servers from the 4th floor since this morning. Let me know what's needed.",Network
"the firewall rule for the payment vendor. Hello, Reporting a colleague's account that is sending spam to the whole company. This is blocking my work.",Security
"Question about the antivirus client. Good morning, The antivirus client is stuck at 0% and won't finish. Also, the antivirus client is forcing a restart in the middle of meetings. Let me know what's needed.",Endpoint Management
Issue. Login fails every time even though I'm sure the password is right. This is blocking my work.,Security
"Problem: the management policy. Hi team, The management policy is stuck at 0% and won't finish. This is blocking my work.",Endpoint Management
"Urgent. Hi team, Can't authenticate this morning, nothing I try works. Appreciate any help.",Applications
"Urgent: the Teams channel. Hi, Need a new shared mailbox created for the support team.",Email & Collaboration
Problem: the software deployment. The software deployment is forcing a restart in the middle of meetings.,Endpoint Management
"Urgent. Hello, I can't log in this morning, it just keeps rejecting me.",Identity & Access
"Problem. Hi team, I get 'you don't have permission' on a folder I used to reach. This is blocking my work.",Security
"Not working. Hi team, My password doesn't work anymore and I'm stuck outside. Thanks in advance.",Email & Collaboration
"Issue with disk encryption (BitLocker). Hi team, My device shows as non-compliant and I lost access to email because of it. Appreciate any help.",Endpoint Management
"Question about a brute-force alert. Hi, Reporting a colleague's account that is sending spam to the whole company.",Security
"Help needed — a phishing email. Hi team, Please review whether this attachment is safe before I open it. Let me know what's needed.",Security
"Issue with the data warehouse. Hi, The data warehouse shows replication lag of several hours. This is blocking my work.",Database
"the VPN. Hello, Site-to-site tunnel between HQ and the warehouse is down. Also, the VPN can't reach the 10.x.x.x subnet. When can this be fixed?",Network
"a distribution list. Hello, Cannot book the 5th floor meeting room, it doesn't appear in the room list. When can this be fixed?",Email & Collaboration
Question. The system throws an error every time I try to save. Please advise.,Database
"the headset for calls. Hi, The headset for calls needs to be forwarded to my mobile. Can you take a look?",Telephony
"Problem. Hi, Remote access isn't working, I can't reach anything internal. Thanks in advance.",Endpoint Management
"Not working. Good morning, It takes forever to load anything since this morning. This is blocking my work.",Cloud & Infrastructure
"Not working. Hello, Laptop restarts on its own in the middle of my work. Can you take a look?",Endpoint Management
"Not working. Good morning, Performance is terrible right now, everyone is complaining. Appreciate any help.",Database
"Urgent: a stored procedure. Hi, We need an index added on the customer_id column, the report is unusable. Also, a stored procedure is returning stale rows. Appreciate any help.",Database
"the laptop battery. Hello, The printer on the 2nd floor keeps jamming on every print job. Also, the laptop battery is overheating and very loud. Please advise.",Hardware
"Issue with the connection pool. Hello, The connection pool is running out of disk on the data volume. When can this be fixed?",Database
Request: my Outlook. My outlook isn't receiving external email. Appreciate any help.,Email & Collaboration
"Request: the hunt group. Hey, The support hotline calls aren't reaching the queue, customers complain. Please advise.",Telephony
"the security patch. Good morning, My device shows as non-compliant and I lost access to email because of it.",Endpoint Management
"Issue. Hi team, Response times are awful today and it keeps stalling. Let me know what's needed.",Cloud & Infrastructure
"Problem: the shared mailbox. Good morning, The shared mailbox shows the wrong free/busy status. Let me know what's needed.",Email & Collaboration
"Hi team, Massive slowdown across the board, work is barely possible.",Cloud & Infrastructure
"Issue with the corporate firewall. Good morning, The corporate firewall loses packets intermittently. Also, the corporate firewall drops whenever I join a video call. Can you take a look?",Network
"Urgent: the headset for calls. Hi team, The headset for calls drops calls after a few seconds. Thanks in advance.",Telephony
"my calendar. Hi team, My calendar isn't receiving external email. Also, my calendar lost access for half the team. Let me know what's needed.",Email & Collaboration
Request: my smartcard. My smartcard isn't a member of the right security group. This is blocking my work.,Identity & Access
"Issue with my headset. Hi, My headset has keys that stopped working. Please advise.",Hardware
"Question about my password. Good morning, My password needs admin rights for the deployment tool. Can you take a look?",Identity & Access
"Problem: the Oracle instance. Hi, A SELECT that used to take 1s now takes 40s after the last data load. When can this be fixed?",Database
Issue. After this morning my laptop just isn't behaving normally. Thanks in advance.,Hardware
"Urgent. Massive slowdown across the board, work is barely possible. Please advise.",Database
"Problem: the nightly backup job. Hi team, The nightly backup job returns 'too many connections'. Also, the nightly backup job is throwing deadlock errors. Please advise.",Database
"the VLAN on floor 3. Hi, The vlan on floor 3 times out when I open internal sites. Can you take a look?",Network
"Urgent. Hey, I can't make or receive any calls since this morning. Please advise.",Telephony
"Problem: the Oracle instance. Hi, A SELECT that used to take 1s now takes 40s after the last data load. This is blocking my work.",Database
"Issue with the conference room phone. Hi, Callers say they can hear me but I can't hear them on the softphone. Please advise.",Telephony
"Things are crawling and timing out, was fine yesterday. Can you take a look?",Cloud & Infrastructure
"Question about the orders table. Hello, The orders table shows replication lag of several hours. Also, the orders table returns 'too many connections'.",Database
"Problem: the guest network. Hello, Ping to the gateway is over 300ms across the whole department. Also, the guest network is extremely slow during peak hours. This is blocking my work.",Network
the webcam. The webcam has several dead pixels. Please advise.,Hardware
"Problem: the branch-office link. Hello, The branch-office link keeps dropping every few minutes. Can you take a look?",Network
"Problem. Hi team, Remote access isn't working, I can't reach anything internal. Can you take a look?",Network
"Problem. Hi, It won't accept my credentials since the weekend. Thanks in advance.",Email & Collaboration
"Urgent: the Kubernetes cluster. Hi, Please provision a new VM with 16GB RAM for the data team's pipeline. Can you take a look?",Cloud & Infrastructure
"Help needed — the softphone app. Hi team, Please set up a new extension and voicemail box for a new starter. When can this be fixed?",Telephony
"Help needed — the security patch. Hello, The security patch is forcing a restart in the middle of meetings. Also, the security patch won't enroll my new device. Please advise.",Endpoint Management
"Question about the meeting invite. Hi, The meeting invite isn't receiving external email. This is blocking my work.",Email & Collaboration
"Urgent. Good morning, I can't log in this morning, it just keeps rejecting me. This is blocking my work.",Email & Collaboration
Help needed — the shared drive permissions. The shared drive permissions needs admin rights for the deployment tool. When can this be fixed?,Identity & Access
"Urgent. Hey, Things are crawling and timing out, was fine yesterday. When can this be fixed?",Cloud & Infrastructure
"Issue. Hi team, It takes forever to load anything since this morning. Appreciate any help.",Network
"Help needed — the blob storage. Hello, The blob storage is running at 100% CPU. Also, the blob storage needs a new node pool added. Can you take a look?",Cloud & Infrastructure
"the accounting software. The accounting software shows a blank screen on the dashboard tab. Also, the accounting software is missing the latest update. Please advise.",Applications
"Problem: the VLAN on floor 3. Hello, Ping to the gateway is over 300ms across the whole department. Also, the VLAN on floor 3 won't connect at all. Thanks in advance.",Network
"Urgent: the MFA app. Hi team, The mfa app needs to be provisioned for a new hire starting Monday. When can this be fixed?",Identity & Access
"Urgent: the management policy. Good morning, After the latest patch my laptop boots to a black screen. Thanks in advance.",Endpoint Management
"Question about a suspicious login. Hey, A suspicious login that quarantined my file. Can you take a look?",Security
"Urgent: a distribution list. Good morning, Need a new shared mailbox created for the support team. Please advise.",Email & Collaboration
"the shared drive permissions. Hey, The shared drive permissions needs to be provisioned for a new hire starting Monday. Also, the shared drive permissions lost access after the reorg.",Identity & Access
"Issue. Hey, I can't make or receive any calls since this morning. Appreciate any help.",Telephony
"Urgent. Good morning, From home I can't connect to any internal systems at all. Can you take a look?",Security
"Not working. Hey, The screen keeps going black and I have to restart constantly. Let me know what's needed.",Hardware
"my keyboard. Hi, Requesting a second monitor and a docking station for my new desk. Appreciate any help.",Hardware
Problem: my desk phone. Callers say they can hear me but I can't hear them on the softphone.,Telephony
"Issue. Hi, Strange message landed in my inbox, not sure it's legitimate. Can you take a look?",Email & Collaboration
Something errors out whenever I open my records. This is blocking my work.,Database
"Problem. Good morning, Can't get onto the company network from home this morning. This is blocking my work.",Network
"Problem: the autoscaling group. Hi team, The production pods keep getting OOMKilled, need higher limits. Can you take a look?",Cloud & Infrastructure
"Request: the nightly backup job. Hi team, The nightly backup job hasn't completed since 2am. Let me know what's needed.",Database
"Issue with a possible malware infection. Hello, A possible malware infection that looks like account takeover. Appreciate any help.",Security
"the firewall rule for the payment vendor. Hi team, The firewall rule for the payment vendor warning me my machine is infected. Also, the firewall rule for the payment vendor that quarantined my file. Thanks in advance.",Security
"Question about the laptop fan. Hi, The laptop fan is overheating and very loud. Let me know what's needed.",Hardware
"Urgent. Hello, Something errors out whenever I open my records. Appreciate any help.",Database
"Request: the VPN. Hello, The vpn times out when I open internal sites. Appreciate any help.",Network
"the softphone app. Hello, Need my desk phone calls forwarded to my mobile while I travel next week. This is blocking my work.",Telephony
"Request: the softphone app. Good morning, Need my desk phone calls forwarded to my mobile while I travel next week. This is blocking my work.",Telephony
Help needed. It won't accept my credentials since the weekend. This is blocking my work.,Security
"Problem: my voicemail. Hi team, My voicemail isn't receiving incoming calls. Thanks in advance.",Telephony
"Help needed. Good morning, I'm being refused access to files I'm supposed to see. This is blocking my work.",Identity & Access
"my Outlook. Hey, My outlook shows the wrong free/busy status. When can this be fixed?",Email & Collaboration
"Problem: the VLAN on floor 3. Hi, The vlan on floor 3 won't connect at all. Also, the VLAN on floor 3 has very high latency. Appreciate any help.",Network
"Issue with the conference room phone. Hey, The conference room phone needs to be forwarded to my mobile.",Telephony
"Not working. Good morning, Response times are awful today and it keeps stalling. Thanks in advance.",Database
"Problem: the hunt group. The hunt group shows the wrong caller ID. Also, the hunt group drops calls after a few seconds. When can this be fixed?",Telephony
"Not working. Hello, My password doesn't work anymore and I'm stuck outside. Let me know what's needed.",Identity & Access
"Problem. Good morning, Something errors out whenever I open my records.",Applications
"Urgent: the device enrollment. Hey, The device enrollment removed an app I need for work. Let me know what's needed.",Endpoint Management
"Problem. Hello, Performance is terrible right now, everyone is complaining. Can you take a look?",Database
"Question. Hi team, Pages and reports hang for ages before anything shows up. Please advise.",Network
"Request: the external monitor. Hi, The printer on the 2nd floor keeps jamming on every print job. Can you take a look?",Hardware
"disk encryption (BitLocker). Hi team, Disk encryption (bitlocker) is forcing a restart in the middle of meetings. Appreciate any help.",Endpoint Management
"Request: the timesheet tool. Hi team, The timesheet tool needs to be installed on my new laptop. This is blocking my work.",Applications
"Question. Good morning, It takes forever to load anything since this morning. Let me know what's needed.",Cloud & Infrastructure
"Urgent. Hello, My machine froze and now it won't boot properly. Please advise.",Hardware
"Issue with a stored procedure. We need an index added on the customer_id column, the report is unusable. Also, a stored procedure is throwing deadlock errors. Appreciate any help.",Database
"the CI/CD runner. Hello, The ci/cd runner won't scale up under load. Also, the CI/CD runner needs a new node pool added. When can this be fixed?",Cloud & Infrastructure
"Urgent: the shared mailbox. Good morning, The shared mailbox won't send messages and they stay in Outbox.",Email & Collaboration
"Urgent: my headset. Hi, My headset has several dead pixels. When can this be fixed?",Hardware
"Urgent. Hi, I'm completely locked out and can't start my day. Can you take a look?",Identity & Access
"Question about disk encryption (BitLocker). Hi team, Please push the standard software bundle to my freshly imaged laptop. When can this be fixed?",Endpoint Management
"Not working. Hey, My machine froze and now it won't boot properly. Can you take a look?",Hardware
Issue. Suddenly I'm blocked from a shared resource I need for work. When can this be fixed?,Security
"access to the finance folder. Hi team, Offboarding: please disable all access for an employee who left today. Please advise.",Identity & Access
"my headset. My laptop fell and the screen is now cracked, need a replacement. Let me know what's needed.",Hardware
"Request: the switch in the server room. Hi, The switch in the server room keeps dropping every few minutes. Thanks in advance.",Network
"Question about a possible malware infection. Hi, A possible malware infection I received and did not expect. Also, a possible malware infection that I think is a scam.",Security
"Urgent. Hey, Remote access isn't working, I can't reach anything internal.",Endpoint Management
"the Kubernetes cluster. Hi, The kubernetes cluster is stuck in 'pending'.",Cloud & Infrastructure
"Not working. Hey, The screen keeps going black and I have to restart constantly. When can this be fixed?",Hardware
"Help needed. Hello, Laptop restarts on its own in the middle of my work. Let me know what's needed.",Endpoint Management
"Question. Hello, Remote access isn't working, I can't reach anything internal.",Network
"my password. Hey, My password needs read access to the finance share. Appreciate any help.",Identity & Access
"Question about the accounting software. Hey, The accounting software shows the wrong totals on the report.",Applications
"Urgent: the device enrollment. Hello, After the latest patch my laptop boots to a black screen. When can this be fixed?",Endpoint Management
"Urgent: the new joiner's account. Hey, The new joiner's account needs admin rights for the deployment tool. Appreciate any help.",Identity & Access
"Help needed. Hi team, An email is asking me to verify my account, looks off to me. When can this be fixed?",Email & Collaboration
"Urgent. Good morning, Remote access isn't working, I can't reach anything internal. Thanks in advance.",Network
"Question. Hi, Working remotely and nothing internal will load, was fine yesterday. When can this be fixed?",Security
"Problem: the replication slave. Hey, The replication slave shows replication lag of several hours.",Database
"Question. Hello, My machine froze and now it won't boot properly. Let me know what's needed.",Hardware
"Urgent. Hey, I can't make or receive any calls since this morning. Thanks in advance.",Telephony
"Problem: the management policy. Hello, After the latest patch my laptop boots to a black screen. Appreciate any help.",Endpoint Management
"Help needed — the laptop battery. Hi team, The laptop battery won't charge past 1%. Can you take a look?",Hardware
"Not working. Hi, I get 'you don't have permission' on a folder I used to reach. Thanks in advance.",Identity & Access
"Problem: the Oracle instance. Restoring the staging DB from yesterday's dump for a test, can you assist. Please advise.",Database
"Issue. Permission error opening the drive, I had access last week. This is blocking my work.",Identity & Access
"Help needed — the internal HR portal. Hi, The internal hr portal shows a blank screen on the dashboard tab. Let me know what's needed.",Applications
Request: the production PostgreSQL instance. The production postgresql instance is running out of disk on the data volume. Can you take a look?,Database
"the DLP policy. Hey, Got an alert that someone signed into my account from Brazil at 3am. Let me know what's needed.",Security
After this morning my laptop just isn't behaving normally. Please advise.,Endpoint Management
"Problem: the blob storage. Hi team, The blob storage won't scale up under load. Appreciate any help.",Cloud & Infrastructure
"the Teams channel. Good morning, The teams channel isn't receiving external email. Also, the Teams channel isn't receiving external email. Thanks in advance.",Email & Collaboration
"the staging environment. Hey, Staging environment is down after the last deploy, can you roll it back. Also, the staging environment is running at 100% CPU.",Cloud & Infrastructure
"Urgent: my password. Hi team, Please grant me read access to the \\fileserver\finance share. Can you take a look?",Identity & Access
"Question. Hello, People can't reach me and my calls keep dropping after a second. Thanks in advance.",Telephony
"Help needed. Hi, It won't accept my credentials since the weekend.",Identity & Access
"Issue with the expense app. Hello, Please install the latest version of the design suite on my machine. This is blocking my work.",Applications
"Issue. Hey, An email is asking me to verify my account, looks off to me. Let me know what's needed.",Email & Collaboration
"Urgent: the guest network. Good morning, The guest network has very high latency. Appreciate any help.",Network
"Request: the firewall rule for the payment vendor. Good morning, Please review whether this attachment is safe before I open it. Also, the firewall rule for the payment vendor that looks like account takeover. Please advise.",Security
"my voicemail. Hello, Need my desk phone calls forwarded to my mobile while I travel next week. Please advise.",Telephony
"Request: the firewall rule for the payment vendor. Good morning, Reporting a colleague's account that is sending spam to the whole company. This is blocking my work.",Security
"the firewall rule for the payment vendor. I clicked a link in an email before realising it was fake, what should I do. Appreciate any help.",Security
"Help needed — the SharePoint site. Hello, The sharepoint site won't send messages and they stay in Outbox. Let me know what's needed.",Email & Collaboration
"Problem. Hi, Everything is really slow today, the whole floor is affected. When can this be fixed?",Database
"Issue. Hi, Performance is terrible right now, everyone is complaining. Can you take a look?",Cloud & Infrastructure
"Question about my desk phone. Hi team, My desk phone shows the wrong caller ID. Can you take a look?",Telephony
"Problem: the S3 bucket. Hi, The production pods keep getting OOMKilled, need higher limits. Also, the S3 bucket needs more memory provisioned.",Cloud & Infrastructure
"Question. Hello, Remote access isn't working, I can't reach anything internal. This is blocking my work.",Endpoint Management
Help needed. It takes forever to load anything since this morning.,Network
"the blob storage. Hi, The blob storage is stuck in 'pending'. Appreciate any help.",Cloud & Infrastructure
"Urgent. Hello, Can't authenticate this morning, nothing I try works. Can you take a look?",Applications
Question. My machine froze and now it won't boot properly. Let me know what's needed.,Hardware
"Not working. Hi, Response times are awful today and it keeps stalling. Thanks in advance.",Cloud & Infrastructure
"Issue. Hi, It takes forever to load anything since this morning. Let me know what's needed.",Database
"Urgent: the call queue. Hi, The call queue isn't receiving incoming calls. Can you take a look?",Telephony
"Help needed — the antivirus client. Hi, The antivirus client removed an app I need for work. Also, the antivirus client removed an app I need for work. Can you take a look?",Endpoint Management
Help needed — the MFA app. New employee starts Monday and needs accounts and group access set up.,Identity & Access
"Help needed. Hi team, An email is asking me to verify my account, looks off to me. Let me know what's needed.",Email & Collaboration
"Urgent: my keyboard. Hello, My laptop fell and the screen is now cracked, need a replacement. Appreciate any help.",Hardware
"Help needed — my desk phone. Good morning, My desk phone isn't receiving incoming calls.",Telephony
"Question about my mailbox quota. Hey, My mailbox quota isn't receiving external email. This is blocking my work.",Email & Collaboration
"the company signature. Hi, Cannot book the 5th floor meeting room, it doesn't appear in the room list. Can you take a look?",Email & Collaboration
"Urgent. Hi team, It says access denied when I try to open the team folder. Thanks in advance.",Identity & Access
"the Teams channel. My sent items are missing after the mailbox migration last weekend. Also, the Teams channel shows the wrong free/busy status. Please advise.",Email & Collaboration
"Question about my headset. Hi, My headset is overheating and very loud. This is blocking my work.",Hardware
"Question about the expense app. Hi team, I need a license assigned for the analytics application for a new team member. Also, the expense app freezes when exporting to Excel. Can you take a look?",Applications
"Help needed — the antivirus client. Hello, After the latest patch my laptop boots to a black screen. Also, the antivirus client won't enroll my new device. Let me know what's needed.",Endpoint Management
the MFA app. I need to be added to the 'Project-Atlas' security group to see the files. When can this be fixed?,Identity & Access
"Issue. Performance is terrible right now, everyone is complaining. Thanks in advance.",Network
"Request: my laptop. Hello, My laptop has keys that stopped working.",Hardware
the ERP system. The erp system shows a blank screen on the dashboard tab. Please advise.,Applications
Problem. It says access denied when I try to open the team folder. Can you take a look?,Identity & Access
"Question about DNS resolution. Hey, Dns resolution drops whenever I join a video call. This is blocking my work.",Network
"my keyboard. Hello, My laptop fell and the screen is now cracked, need a replacement. Appreciate any help.",Hardware
Not working. After this morning my laptop just isn't behaving normally.,Hardware
"Urgent. Good morning, This email seems fishy and wants my credentials, what do I do. Thanks in advance.",Security
"Request: the replication slave. Hi team, Last night's backup failed with an I/O error and didn't retry. Please advise.",Database
"Problem. Hello, My machine froze and now it won't boot properly.",Hardware
"Question about the autoscaling group. Hi, Staging environment is down after the last deploy, can you roll it back. When can this be fixed?",Cloud & Infrastructure
"my account. Hi, My account needs read access to the finance share. Thanks in advance.",Identity & Access
"Question. Hi team, Permission error opening the drive, I had access last week. Appreciate any help.",Identity & Access
"Help needed — the corporate firewall. Good morning, The corporate firewall shows 'limited connectivity'. Also, the corporate firewall shows 'limited connectivity'. Thanks in advance.",Network
"Problem: my extension. Good morning, My extension isn't receiving incoming calls. Please advise.",Telephony
"the autoscaling group. Hi, Please provision a new VM with 16GB RAM for the data team's pipeline. Please advise.",Cloud & Infrastructure
"Help needed — the MFA app. Hi, The mfa app needs admin rights for the deployment tool. Let me know what's needed.",Identity & Access
"my smartcard. Hi team, My smartcard needs to be provisioned for a new hire starting Monday.",Identity & Access
"Issue with the OS upgrade. Hey, The os upgrade won't enroll my new device. Also, the OS upgrade removed an app I need for work.",Endpoint Management
"Hi, Things are crawling and timing out, was fine yesterday. This is blocking my work.",Network
"the production EC2 instance. Good morning, The production ec2 instance returns 503 behind the load balancer. Please advise.",Cloud & Infrastructure
Urgent. People can't reach me and my calls keep dropping after a second. When can this be fixed?,Telephony
"Urgent. Hello, It keeps failing with an error message I don't understand.",Database
Urgent: the call queue. The call queue won't let me access voicemail. Let me know what's needed.,Telephony
"Question. Hi, My machine froze and now it won't boot properly.",Endpoint Management
"Help needed — a possible malware infection. Hello, Please review whether this attachment is safe before I open it. Can you take a look?",Security
"Urgent: the CI/CD runner. Hello, The production pods keep getting OOMKilled, need higher limits. Also, the CI/CD runner is running at 100% CPU. When can this be fixed?",Cloud & Infrastructure
Question about the internal HR portal. The internal hr portal shows the wrong totals on the report. Appreciate any help.,Applications
"Help needed. Good morning, I'm completely locked out and can't start my day. Thanks in advance.",Identity & Access
"Issue with the call queue. Hello, Callers say they can hear me but I can't hear them on the softphone. Also, the call queue won't let me access voicemail. This is blocking my work.",Telephony
"Request: a phishing email. Good morning, A phishing email from an unknown IP in another country. Let me know what's needed.",Security
"Request: the design software license. Hey, The design software license shows a blank screen on the dashboard tab. When can this be fixed?",Applications
"Issue with a suspicious login. Hi team, A suspicious login I received and did not expect. Also, a suspicious login I received and did not expect. When can this be fixed?",Security
"Question about the VPN. Hi team, The vpn shows 'limited connectivity'. Also, the VPN is extremely slow during peak hours. When can this be fixed?",Network
"Issue. Hey, It says my account is locked and I can't get in. Can you take a look?",Email & Collaboration
"Hi team, Performance is terrible right now, everyone is complaining.",Network
"my laptop's Windows update. Windows update has been stuck installing for two days, can't use the laptop. Please advise.",Endpoint Management
"Request: the floor printer. Hi team, Requesting a second monitor and a docking station for my new desk. Thanks in advance.",Hardware
"Issue with my smartcard. Hello, My smartcard isn't a member of the right security group. Also, my smartcard needs read access to the finance share. Thanks in advance.",Identity & Access
"Problem: the accounting software. Hello, The accounting software needs to be installed on my new laptop. Thanks in advance.",Applications
"Question about my calendar. Hi, Cannot book the 5th floor meeting room, it doesn't appear in the room list. When can this be fixed?",Email & Collaboration
"Question. Hello, Response times are awful today and it keeps stalling. Can you take a look?",Cloud & Infrastructure
"Not working. Hi, After this morning my laptop just isn't behaving normally.",Hardware
"Help needed. Good morning, I can't connect from home today, it just spins and never loads. Appreciate any help.",Security
"Urgent: my mailbox quota. Good morning, My mailbox quota isn't syncing on my phone. Also, my mailbox quota is full and rejecting new mail. Can you take a look?",Email & Collaboration
"Question about a suspicious login. Hey, A suspicious login warning me my machine is infected. Please advise.",Security
"the guest network. Hi team, The guest network shows 'limited connectivity'. Please advise.",Network
"the laptop fan. Hi, Requesting a second monitor and a docking station for my new desk. Appreciate any help.",Hardware
"Hello, Massive slowdown across the board, work is barely possible. When can this be fixed?",Network
"Problem: the staging environment. Hey, Requesting a new S3 bucket with read-only access for the analytics group. Appreciate any help.",Cloud & Infrastructure
Problem: my security group membership. I need to be added to the 'Project-Atlas' security group to see the files. Appreciate any help.,Identity & Access
"The audio is terrible on calls, lots of echo and cutting out. Thanks in advance.",Telephony
"Help needed — a suspicious login. Hello, A suspicious login that I think is a scam. Can you take a look?",Security
"the Azure VM. The azure vm needs a new node pool added. Also, the Azure VM is stuck in 'pending'. Appreciate any help.",Cloud & Infrastructure
"Question about the meeting invite. Hey, The meeting invite shows the wrong free/busy status.",Email & Collaboration
"Question about my account. Hi team, Offboarding: please disable all access for an employee who left today. Also, my account needs to be provisioned for a new hire starting Monday. Thanks in advance.",Identity & Access
"the BI dashboard. Hey, The monthly report in the BI tool shows numbers that don't match finance. Can you take a look?",Applications
"Issue. Hi team, It takes forever to load anything since this morning. This is blocking my work.",Database
"Issue. Hi, Login fails every time even though I'm sure the password is right. Please advise.",Applications
"Urgent: the new joiner's account. Good morning, The new joiner's account needs read access to the finance share. Appreciate any help.",Identity & Access
"Problem: a distribution list. Hello, A distribution list isn't syncing on my phone. Also, a distribution list shows the wrong free/busy status. Appreciate any help.",Email & Collaboration
Help needed — the production PostgreSQL instance. A SELECT that used to take 1s now takes 40s after the last data load. When can this be fixed?,Database
"Issue with the staging environment. Please provision a new VM with 16GB RAM for the data team's pipeline. Also, the staging environment needs more memory provisioned. Let me know what's needed.",Cloud & Infrastructure
"Good morning, It says my account is locked and I can't get in.",Identity & Access
"the docking station. Hi, The docking station isn't detected when docked. Also, the docking station has several dead pixels. Can you take a look?",Hardware
"Question about the webcam. Hey, Need the SSD upgraded, I'm constantly out of disk space on this machine. Let me know what's needed.",Hardware
"Request: my calendar. Hi, Need a new shared mailbox created for the support team.",Email & Collaboration
"the OS upgrade. Hello, Please push the standard software bundle to my freshly imaged laptop. This is blocking my work.",Endpoint Management
"Urgent. Hi, Massive slowdown across the board, work is barely possible. Thanks in advance.",Network
"the guest network. Hey, Ping to the gateway is over 300ms across the whole department. Can you take a look?",Network
"Help needed — the blob storage. Hi, The blob storage won't scale up under load. Please advise.",Cloud & Infrastructure
"Issue with the autoscaling group. Hi team, The autoscaling group is stuck in 'pending'. This is blocking my work.",Cloud & Infrastructure
"Issue. Hey, Remote access isn't working, I can't reach anything internal.",Endpoint Management
"Not working. Good morning, Massive slowdown across the board, work is barely possible. Thanks in advance.",Database
"Issue with the expense app. Hello, The ERP rejects my purchase order with a validation error every time. Also, the expense app says my license has expired. Let me know what's needed.",Applications
"Performance is terrible right now, everyone is complaining.",Cloud & Infrastructure
"Help needed — the security patch. Good morning, Windows update has been stuck installing for two days, can't use the laptop. Can you take a look?",Endpoint Management
"Help needed — the call queue. Hi, The call queue has no dial tone. Also, the call queue shows the wrong caller ID. When can this be fixed?",Telephony
Urgent: the floor printer. The floor printer won't charge past 1%. Can you take a look?,Hardware
"Not working. Hey, Something errors out whenever I open my records. Please advise.",Database
Urgent: a brute-force alert. Got an alert that someone signed into my account from Brazil at 3am. Thanks in advance.,Security
"the company signature. Hi team, Cannot book the 5th floor meeting room, it doesn't appear in the room list. Can you take a look?",Email & Collaboration
"Problem: the call queue. Good morning, Need my desk phone calls forwarded to my mobile while I travel next week. Thanks in advance.",Telephony
"Request: the call queue. Hi, Need my desk phone calls forwarded to my mobile while I travel next week. Please advise.",Telephony
"Issue. Hi team, I can't make or receive any calls since this morning. Thanks in advance.",Telephony
"Problem: a distribution list. Good morning, A distribution list shows duplicate appointments. Also, a distribution list isn't syncing on my phone.",Email & Collaboration
"Issue with the accounting software. Hi, The accounting software freezes when exporting to Excel.",Applications
"Help needed — my calendar. Good morning, Cannot book the 5th floor meeting room, it doesn't appear in the room list. Appreciate any help.",Email & Collaboration
"the data warehouse. A SELECT that used to take 1s now takes 40s after the last data load. Also, the data warehouse is throwing deadlock errors.",Database
"Urgent: the accounting software. The accounting software shows a blank screen on the dashboard tab. Also, the accounting software freezes when exporting to Excel. When can this be fixed?",Applications
"Urgent: the office WiFi. The office wifi is extremely slow during peak hours. Also, the office WiFi drops whenever I join a video call. Appreciate any help.",Network
Issue. An error pops up and the whole thing stops working. Let me know what's needed.,Applications
"Problem: the shared mailbox. Good morning, Please add three new people to the 'all-sales' distribution list. Can you take a look?",Email & Collaboration
"Problem: my laptop. Hey, Need the SSD upgraded, I'm constantly out of disk space on this machine. Also, my laptop screen flickers constantly.",Hardware
"Urgent. Good morning, Callers say I sound broken up and then the line dies. This is blocking my work.",Telephony
"the autoscaling group. Hello, The autoscaling group needs a new node pool added. This is blocking my work.",Cloud & Infrastructure
Not working. I can't make or receive any calls since this morning. Appreciate any help.,Telephony
"Question about the autoscaling group. Hey, The autoscaling group is running at 100% CPU. When can this be fixed?",Cloud & Infrastructure
"the security patch. Hello, After the latest patch my laptop boots to a black screen. Appreciate any help.",Endpoint Management
"Question about the connection pool. Good morning, The connection pool hasn't completed since 2am.",Database
"my account. Hey, My account isn't a member of the right security group. Appreciate any help.",Identity & Access
"the nightly backup job. Hi team, The nightly backup job queries are timing out. Also, the nightly backup job is returning stale rows. Thanks in advance.",Database
"internet access. Good morning, Internet access has very high latency. Also, internet access drops whenever I join a video call. Let me know what's needed.",Network
"the antivirus alert. Hey, The antivirus alert from an unknown IP in another country. Also, the antivirus alert that I think is a scam. This is blocking my work.",Security
"Question about the security patch. Hey, Windows update has been stuck installing for two days, can't use the laptop. Thanks in advance.",Endpoint Management
"the Oracle instance. Hello, We need an index added on the customer_id column, the report is unusable. This is blocking my work.",Database
"Urgent: internet access. Hello, Internet access shows 'limited connectivity'. Also, internet access drops whenever I join a video call. Appreciate any help.",Network
"Question about the laptop battery. Hello, The laptop battery won't charge past 1%.",Hardware
Help needed — the S3 bucket. Requesting a new S3 bucket with read-only access for the analytics group. When can this be fixed?,Cloud & Infrastructure
"Urgent: my Outlook. Hi, My sent items are missing after the mailbox migration last weekend.",Email & Collaboration
"Not working. Hey, Callers say I sound broken up and then the line dies. This is blocking my work.",Telephony
Urgent: the device enrollment. The device enrollment isn't compliant in the management console. Please advise.,Endpoint Management
"Question. Hi team, My machine froze and now it won't boot properly. Thanks in advance.",Hardware
"Request: the security patch. Good morning, The security patch failed to install and rolled back. Also, the security patch removed an app I need for work. When can this be fixed?",Endpoint Management
"Issue with my headset. Hello, Requesting a second monitor and a docking station for my new desk. Let me know what's needed.",Hardware
Request: the OS upgrade. After the latest patch my laptop boots to a black screen. Appreciate any help.,Endpoint Management
"the conference room phone. Hi, Please set up a new extension and voicemail box for a new starter. Thanks in advance.",Telephony
"the ERP system. Hi team, The monthly report in the BI tool shows numbers that don't match finance. Also, the ERP system says my license has expired. Can you take a look?",Applications
"the softphone app. Hi team, The support hotline calls aren't reaching the queue, customers complain. Appreciate any help.",Telephony
"Help needed. My laptop won't turn on this morning, nothing happens at all. Can you take a look?",Endpoint Management
"Help needed. Hey, Suddenly I'm blocked from a shared resource I need for work. This is blocking my work.",Identity & Access
"the Oracle instance. Good morning, The oracle instance queries are timing out. Let me know what's needed.",Database
"Urgent: the Azure VM. Good morning, The azure vm needs a new node pool added. Also, the Azure VM is running at 100% CPU. Please advise.",Cloud & Infrastructure
"Problem: the ERP system. Good morning, Please install the latest version of the design suite on my machine. Also, the ERP system says my license has expired. Thanks in advance.",Applications
"Issue. Good morning, Permission error opening the drive, I had access last week. Thanks in advance.",Identity & Access
"Request: my extension. Good morning, My extension drops calls after a few seconds. Also, my extension isn't receiving incoming calls. This is blocking my work.",Telephony
"my account. Hello, Offboarding: please disable all access for an employee who left today. Thanks in advance.",Identity & Access
"Issue with the S3 bucket. Hi team, Requesting a new S3 bucket with read-only access for the analytics group. Thanks in advance.",Cloud & Infrastructure
"Help needed — the production PostgreSQL instance. Hey, Last night's backup failed with an I/O error and didn't retry. This is blocking my work.",Database
"Question about the software deployment. Hey, Please push the standard software bundle to my freshly imaged laptop. When can this be fixed?",Endpoint Management
Issue with my mailbox quota. Need a new shared mailbox created for the support team. Please advise.,Email & Collaboration
the timesheet tool. The ERP rejects my purchase order with a validation error every time. When can this be fixed?,Applications
"Question about my voicemail. Good morning, My voicemail has terrible audio quality. When can this be fixed?",Telephony
"Issue. Hello, Pages and reports hang for ages before anything shows up. Can you take a look?",Network
Question about the shared mailbox. The shared mailbox shows duplicate appointments. Please advise.,Email & Collaboration
"Help needed — the softphone app. Hi team, The softphone app won't let me access voicemail. Thanks in advance.",Telephony
"Urgent: the design software license. Good morning, I need a license assigned for the analytics application for a new team member. Also, the design software license is missing the latest update.",Applications
"Question about DNS resolution. Hi team, Port on the wall jack at desk B-12 seems dead, no link light. Please advise.",Network
"Request: the replication slave. Hello, Last night's backup failed with an I/O error and didn't retry. Appreciate any help.",Database
"Hi team, Can't get onto the company network from home this morning. Please advise.",Security
"Question about my laptop's Windows update. Hi, My device shows as non-compliant and I lost access to email because of it. Thanks in advance.",Endpoint Management
"Question. Hi team, An error pops up and the whole thing stops working. Please advise.",Database
"Urgent: my laptop's Windows update. Hi team, My laptop's windows update is stuck at 0% and won't finish. Also, my laptop's Windows update isn't compliant in the management console. Please advise.",Endpoint Management
"Issue with the accounting software. Hello, The accounting software is missing the latest update. Let me know what's needed.",Applications
"Question. I can't connect from home today, it just spins and never loads. Thanks in advance.",Network
"the production EC2 instance. Good morning, Please provision a new VM with 16GB RAM for the data team's pipeline.",Cloud & Infrastructure
"my desk phone. Hi team, Callers say they can hear me but I can't hear them on the softphone. Please advise.",Telephony
"Good morning, Keeps asking me to sign in again and again and never lets me through. Can you take a look?",Applications
"Help needed — a distribution list. Hi team, A distribution list shows duplicate appointments. Please advise.",Email & Collaboration
"Issue with the nightly backup job. Hi team, Restoring the staging DB from yesterday's dump for a test, can you assist. Also, the nightly backup job is running out of disk on the data volume. Can you take a look?",Database
"Request: my smartcard. Hi team, My smartcard needs read access to the finance share. Please advise.",Identity & Access
"Help needed. Hello, People can't reach me and my calls keep dropping after a second. Please advise.",Telephony
"Question about my security group membership. Hi, My security group membership needs to be provisioned for a new hire starting Monday. Thanks in advance.",Identity & Access
"Problem: the antivirus client. Hello, After the latest patch my laptop boots to a black screen. Can you take a look?",Endpoint Management
"Urgent: the laptop battery. Good morning, The laptop battery screen flickers constantly. Let me know what's needed.",Hardware
"Good morning, Login fails every time even though I'm sure the password is right. Please advise.",Security
Question. People can't reach me and my calls keep dropping after a second. Let me know what's needed.,Telephony
"the Oracle instance. Hello, We need an index added on the customer_id column, the report is unusable. Also, the Oracle instance is running out of disk on the data volume. Let me know what's needed.",Database
"Issue with the connection pool. Hi team, Last night's backup failed with an I/O error and didn't retry. Also, the connection pool queries are timing out. Appreciate any help.",Database
"Help needed — the meeting invite. Hi team, The meeting invite lost access for half the team. This is blocking my work.",Email & Collaboration
"Problem: the external monitor. Hi team, Need the SSD upgraded, I'm constantly out of disk space on this machine. Please advise.",Hardware
Help needed. Laptop restarts on its own in the middle of my work. Let me know what's needed.,Endpoint Management
Issue. Can't get onto the company network from home this morning. Can you take a look?,Endpoint Management
"Problem. Hello, I got a weird email asking me to log in and confirm my password. Let me know what's needed.",Email & Collaboration
Urgent: the CI/CD runner. The ci/cd runner ran out of disk and crashed.,Cloud & Infrastructure
"the SharePoint site. Hello, Need a new shared mailbox created for the support team. This is blocking my work.",Email & Collaboration
"Problem: the software deployment. Good morning, My device shows as non-compliant and I lost access to email because of it. Also, the software deployment isn't compliant in the management console. When can this be fixed?",Endpoint Management
"Issue with the design software license. Hello, I need a license assigned for the analytics application for a new team member.",Applications
"Problem: DNS resolution. Hello, Dns resolution is extremely slow during peak hours. Thanks in advance.",Network
"Question about a suspicious login. Hi team, A suspicious login blocking a legitimate vendor.",Security
"Question about the production EC2 instance. Hey, The production ec2 instance is running at 100% CPU. This is blocking my work.",Cloud & Infrastructure
"Issue with the company VPN client install. Please push the standard software bundle to my freshly imaged laptop. Also, the company VPN client install is forcing a restart in the middle of meetings. Appreciate any help.",Endpoint Management
"Issue. My laptop won't turn on this morning, nothing happens at all. Let me know what's needed.",Hardware
"Problem: the Teams channel. Good morning, Need a new shared mailbox created for the support team. When can this be fixed?",Email & Collaboration
"Problem: a stored procedure. Hi, A stored procedure is running out of disk on the data volume.",Database
"the expense app. Good morning, I need a license assigned for the analytics application for a new team member. When can this be fixed?",Applications
"Problem: my extension. Hey, My extension isn't receiving incoming calls. Also, my extension drops calls after a few seconds. This is blocking my work.",Telephony
"Issue with my keyboard. Hi, My keyboard makes a clicking noise on startup. Let me know what's needed.",Hardware
"Question. Good morning, Can't get onto the company network from home this morning. Appreciate any help.",Network
"Urgent. Hi team, It won't accept my credentials since the weekend. Let me know what's needed.",Identity & Access
"Issue with the blob storage. Hey, The blob storage ran out of disk and crashed. Also, the blob storage returns 503 behind the load balancer. Thanks in advance.",Cloud & Infrastructure
"Hey, Pages and reports hang for ages before anything shows up. Can you take a look?",Database
"the MFA app. Hi, The mfa app needs read access to the finance share. Please advise.",Identity & Access
"Hi, Performance is terrible right now, everyone is complaining. Appreciate any help.",Database
"Request: the data warehouse. Hello, The data warehouse is returning stale rows.",Database
"Hi, My machine froze and now it won't boot properly. Thanks in advance.",Endpoint Management
Urgent: an expired TLS certificate. Got an alert that someone signed into my account from Brazil at 3am. Please advise.,Security
"Help needed. Hey, Massive slowdown across the board, work is barely possible. When can this be fixed?",Network
"my extension. Good morning, My extension drops calls after a few seconds. Please advise.",Telephony
"the nightly backup job. Hi, The nightly backup job is throwing deadlock errors. Please advise.",Database
"Problem: my password. Good morning, My password needs to be provisioned for a new hire starting Monday. Also, my password should be disabled, the person left. Let me know what's needed.",Identity & Access
"Question about the data warehouse. Hey, Last night's backup failed with an I/O error and didn't retry. Also, the data warehouse queries are timing out. Appreciate any help.",Database
"Request: the company VPN client install. The company vpn client install failed to install and rolled back. Also, the company VPN client install removed an app I need for work. Please advise.",Endpoint Management
"Question about the OS upgrade. Hi, The os upgrade removed an app I need for work. Also, the OS upgrade removed an app I need for work. Let me know what's needed.",Endpoint Management
"the expense app. Good morning, The ERP rejects my purchase order with a validation error every time. Also, the expense app shows a blank screen on the dashboard tab. Please advise.",Applications
"Good morning, I got a weird email asking me to log in and confirm my password. Thanks in advance.",Security
"my extension. Good morning, Callers say they can hear me but I can't hear them on the softphone.",Telephony
Help needed — access to the finance folder. Offboarding: please disable all access for an employee who left today. Thanks in advance.,Identity & Access
"Issue. Hi, It keeps failing with an error message I don't understand. When can this be fixed?",Database
"Problem: my laptop. Hi team, Need the SSD upgraded, I'm constantly out of disk space on this machine. This is blocking my work.",Hardware
"Issue with the VPN. Hi team, The vpn keeps dropping every few minutes. Also, the VPN keeps dropping every few minutes. Let me know what's needed.",Network
"Question about the guest network. Hi, Cannot reach internal servers from the 4th floor since this morning. Also, the guest network drops whenever I join a video call. Appreciate any help.",Network
"Help needed. Hello, Laptop restarts on its own in the middle of my work. Appreciate any help.",Hardware
"the OS upgrade. Hello, My device shows as non-compliant and I lost access to email because of it. This is blocking my work.",Endpoint Management
"Not working. Hey, Performance is terrible right now, everyone is complaining. When can this be fixed?",Cloud & Infrastructure
"my extension. Hello, My extension needs to be forwarded to my mobile. This is blocking my work.",Telephony
"Help needed — my desk phone. Hi, The support hotline calls aren't reaching the queue, customers complain. Can you take a look?",Telephony
"Urgent. Hi team, From home I can't connect to any internal systems at all. Let me know what's needed.",Endpoint Management
"Urgent: a possible malware infection. Hi, A possible malware infection that quarantined my file. Thanks in advance.",Security
"Issue with the internal HR portal. Hello, Please install the latest version of the design suite on my machine. Thanks in advance.",Applications
"Problem: my extension. Hi team, My extension needs to be forwarded to my mobile. Let me know what's needed.",Telephony
"Urgent. Good morning, The screen keeps going black and I have to restart constantly. Appreciate any help.",Hardware
"Hi team, After this morning my laptop just isn't behaving normally.",Endpoint Management
"Urgent. Hi, People can't reach me and my calls keep dropping after a second.",Telephony
Issue with my desk phone. Callers say they can hear me but I can't hear them on the softphone. Can you take a look?,Telephony
"Question about a flagged attachment. Hi, Please review whether this attachment is safe before I open it. Also, a flagged attachment warning me my machine is infected. When can this be fixed?",Security
"Issue with the docking station. Need the SSD upgraded, I'm constantly out of disk space on this machine.",Hardware
"Issue with the floor printer. Hi, The floor printer makes a clicking noise on startup. Also, the floor printer has several dead pixels. Thanks in advance.",Hardware
"Urgent: my extension. Hey, Need my desk phone calls forwarded to my mobile while I travel next week. Please advise.",Telephony
"Request: the S3 bucket. Hi, The s3 bucket needs more memory provisioned. Also, the S3 bucket returns 503 behind the load balancer. Thanks in advance.",Cloud & Infrastructure
"the webcam. Hello, Need the SSD upgraded, I'm constantly out of disk space on this machine. When can this be fixed?",Hardware
"Issue with the floor printer. Hello, Requesting a second monitor and a docking station for my new desk. This is blocking my work.",Hardware
"the conference room phone. Hello, Please set up a new extension and voicemail box for a new starter.",Telephony
"Problem. Hi, I can't make or receive any calls since this morning. Thanks in advance.",Telephony
"Issue with the OS upgrade. Hey, The os upgrade removed an app I need for work. Can you take a look?",Endpoint Management
"the conference room phone. Hello, The conference room phone isn't receiving incoming calls.",Telephony
"the OS upgrade. Hello, The os upgrade is forcing a restart in the middle of meetings. When can this be fixed?",Endpoint Management
"Problem: my password. Hello, My password isn't a member of the right security group.",Identity & Access
"Help needed — the docking station. Hey, The docking station makes a clicking noise on startup.",Hardware
Urgent. It takes forever to load anything since this morning.,Cloud & Infrastructure
Urgent. I got a weird email asking me to log in and confirm my password. Thanks in advance.,Email & Collaboration
"Issue. Hi team, After this morning my laptop just isn't behaving normally. Let me know what's needed.",Hardware
"the Teams channel. Hi, Need a new shared mailbox created for the support team. Can you take a look?",Email & Collaboration
"Question about the accounting software. Hi team, Please install the latest version of the design suite on my machine. Please advise.",Applications
"Help needed. Hi team, Callers say I sound broken up and then the line dies. Thanks in advance.",Telephony
"Problem: the accounting software. Hi, The accounting software says my license has expired. Thanks in advance.",Applications
"Hey, It says my account is locked and I can't get in. This is blocking my work.",Email & Collaboration
"Urgent: the CRM. Hey, The crm shows a blank screen on the dashboard tab. Please advise.",Applications
"Urgent. Hi, I'm completely locked out and can't start my day. Thanks in advance.",Email & Collaboration
"Issue. Hi team, It won't accept my credentials since the weekend. Please advise.",Applications
"Problem: the external monitor. Good morning, The external monitor makes a clicking noise on startup. This is blocking my work.",Hardware
"Question about the security patch. Hello, The security patch failed to install and rolled back. Also, the security patch removed an app I need for work. Please advise.",Endpoint Management
"Issue with the Teams channel. Hey, Please add three new people to the 'all-sales' distribution list. When can this be fixed?",Email & Collaboration
"Issue. Things are crawling and timing out, was fine yesterday. Thanks in advance.",Network
"Question about the blob storage. Good morning, The blob storage is stuck in 'pending'. Thanks in advance.",Cloud & Infrastructure
"Urgent: the SharePoint site. Cannot book the 5th floor meeting room, it doesn't appear in the room list. Also, the SharePoint site shows the wrong free/busy status. Thanks in advance.",Email & Collaboration
"Issue with the conference room phone. Good morning, The conference room phone needs to be forwarded to my mobile. Also, the conference room phone has no dial tone.",Telephony
"Urgent. Hey, My laptop won't turn on this morning, nothing happens at all. This is blocking my work.",Hardware
my account. My account needs to be provisioned for a new hire starting Monday. Appreciate any help.,Identity & Access
"my password. Hey, Offboarding: please disable all access for an employee who left today. Also, my password isn't a member of the right security group. Appreciate any help.",Identity & Access
the S3 bucket. The s3 bucket returns 503 behind the load balancer. Appreciate any help.,Cloud & Infrastructure
"Issue with the orders table. Hi, The orders table queries are timing out.",Database
"Question about a suspicious login. Hi, A suspicious login that I think is a scam. Thanks in advance.",Security
Help needed. It says access denied when I try to open the team folder. This is blocking my work.,Identity & Access
"Question about the contractor account. The contractor account lost access after the reorg. Also, the contractor account lost access after the reorg. Please advise.",Identity & Access
"Request: a suspicious login. Hi team, Reporting a colleague's account that is sending spam to the whole company. Also, a suspicious login warning me my machine is infected. Let me know what's needed.",Security
"Urgent: my password. Hi team, My password needs read access to the finance share. This is blocking my work.",Identity & Access
Problem: the antivirus client. The antivirus client is stuck at 0% and won't finish. Can you take a look?,Endpoint Management
Request: my extension. My extension won't let me access voicemail. Please advise.,Telephony
"Urgent. Hi team, It takes forever to load anything since this morning. Let me know what's needed.",Cloud & Infrastructure
"Help needed. Hello, My machine froze and now it won't boot properly. This is blocking my work.",Hardware
"Issue. Hi, After this morning my laptop just isn't behaving normally. Thanks in advance.",Hardware
"Help needed. Hi, Response times are awful today and it keeps stalling.",Cloud & Infrastructure
"Issue. Good morning, The screen keeps going black and I have to restart constantly. Can you take a look?",Hardware
"the webcam. Hi team, The webcam makes a clicking noise on startup. Thanks in advance.",Hardware
"Good morning, Things are crawling and timing out, was fine yesterday. Please advise.",Network
"the shared drive permissions. The shared drive permissions should be disabled, the person left. Also, the shared drive permissions needs read access to the finance share. Thanks in advance.",Identity & Access
"a possible malware infection. Got an alert that someone signed into my account from Brazil at 3am. Also, a possible malware infection that I think is a scam. Appreciate any help.",Security
"Issue. Hi, My password doesn't work anymore and I'm stuck outside. Can you take a look?",Email & Collaboration
"Hey, Keeps asking me to sign in again and again and never lets me through. Thanks in advance.",Applications
"Help needed — the timesheet tool. Hello, The timesheet tool says my license has expired.",Applications
"Hey, Response times are awful today and it keeps stalling. Can you take a look?",Cloud & Infrastructure
"Request: the shared drive permissions. Hello, The shared drive permissions needs admin rights for the deployment tool. Please advise.",Identity & Access
"Urgent: the connection pool. Good morning, Last night's backup failed with an I/O error and didn't retry. Let me know what's needed.",Database
"Not working. Hi, Can't get onto the company network from home this morning. Let me know what's needed.",Network
"Problem: the ERP system. Hi team, The erp system says my license has expired. Appreciate any help.",Applications
"the VLAN on floor 3. Hey, Site-to-site tunnel between HQ and the warehouse is down. This is blocking my work.",Network
"Urgent. Good morning, Performance is terrible right now, everyone is complaining. Can you take a look?",Cloud & Infrastructure
"the replication slave. Hello, A SELECT that used to take 1s now takes 40s after the last data load.",Database
"Issue with the DLP policy. Hi team, The dlp policy that looks like account takeover. Please advise.",Security
"Problem: the production PostgreSQL instance. Hi team, The production postgresql instance hasn't completed since 2am. When can this be fixed?",Database
"Problem: the antivirus alert. Hello, The antivirus alert blocking a legitimate vendor. Also, the antivirus alert warning me my machine is infected. Please advise.",Security
"Request: a possible malware infection. Good morning, I clicked a link in an email before realising it was fake, what should I do. Also, a possible malware infection warning me my machine is infected. When can this be fixed?",Security
"Help needed — the shared mailbox. Hi team, Cannot book the 5th floor meeting room, it doesn't appear in the room list. Also, the shared mailbox shows the wrong free/busy status. Can you take a look?",Email & Collaboration
"Question. Good morning, Keeps asking me to sign in again and again and never lets me through. When can this be fixed?",Applications
"Problem: the expense app. Hello, I need a license assigned for the analytics application for a new team member. This is blocking my work.",Applications
"Urgent: my headset. Hello, Need the SSD upgraded, I'm constantly out of disk space on this machine. Also, my headset won't charge past 1%. This is blocking my work.",Hardware
"Request: the BI dashboard. Good morning, The ERP rejects my purchase order with a validation error every time. Also, the BI dashboard needs to be installed on my new laptop. Can you take a look?",Applications
"Issue with disk encryption (BitLocker). Hello, Please push the standard software bundle to my freshly imaged laptop.",Endpoint Management
"my Outlook. Good morning, Please add three new people to the 'all-sales' distribution list. Also, my Outlook shows duplicate appointments. Thanks in advance.",Email & Collaboration
"Help needed — the VPN. The vpn has very high latency. Also, the VPN has very high latency.",Network
"Issue. Hello, Response times are awful today and it keeps stalling. Thanks in advance.",Network
"Question. Hey, An error pops up and the whole thing stops working. When can this be fixed?",Applications
"Problem. Hello, My password doesn't work anymore and I'm stuck outside. Thanks in advance.",Applications
"Issue with the company signature. Hello, The company signature shows duplicate appointments. Thanks in advance.",Email & Collaboration
"a phishing email. Good morning, Got an alert that someone signed into my account from Brazil at 3am. Can you take a look?",Security
"Urgent. Hi team, Getting an unexpected error and I can't continue with my task. When can this be fixed?",Database
"my password. Hey, New employee starts Monday and needs accounts and group access set up. Also, my password lost access after the reorg. Thanks in advance.",Identity & Access
"Help needed — the connection pool. Hi team, The connection pool is returning stale rows. Also, the connection pool queries are timing out.",Database
"the shared drive permissions. Hi, The shared drive permissions lost access after the reorg. Also, the shared drive permissions isn't a member of the right security group. Let me know what's needed.",Identity & Access
"Urgent: the internal HR portal. Hi team, Please install the latest version of the design suite on my machine. When can this be fixed?",Applications
"Help needed. Hello, My password doesn't work anymore and I'm stuck outside. Please advise.",Identity & Access
"Help needed — the DLP policy. Hi, Reporting a colleague's account that is sending spam to the whole company. Appreciate any help.",Security
"Help needed — the laptop battery. Good morning, The laptop battery won't charge past 1%. Thanks in advance.",Hardware
"Problem: the production PostgreSQL instance. Hey, A SELECT that used to take 1s now takes 40s after the last data load. Can you take a look?",Database
"Problem: the blob storage. Hi, The blob storage returns 503 behind the load balancer. When can this be fixed?",Cloud & Infrastructure
"Request: the conference room phone. Good morning, The conference room phone isn't receiving incoming calls. Please advise.",Telephony
"the Teams channel. Hello, The teams channel isn't receiving external email. Also, the Teams channel is full and rejecting new mail. Please advise.",Email & Collaboration
"Issue with my laptop's Windows update. Hi, After the latest patch my laptop boots to a black screen. Please advise.",Endpoint Management
"Urgent. Hello, It says my account is locked and I can't get in. This is blocking my work.",Identity & Access
"Issue with the reporting database. Hey, The reporting database queries are timing out. Thanks in advance.",Database
"Help needed — the blob storage. Hello, Requesting a new S3 bucket with read-only access for the analytics group. Also, the blob storage needs a new node pool added. When can this be fixed?",Cloud & Infrastructure
"the connection pool. Hey, The connection pool is running out of disk on the data volume. When can this be fixed?",Database
"Question about the data warehouse. Good morning, A SELECT that used to take 1s now takes 40s after the last data load. Appreciate any help.",Database
"Request: my headset. Hey, My headset isn't detected when docked. When can this be fixed?",Hardware
"Question. Hi team, I'm completely locked out and can't start my day. This is blocking my work.",Security
"Urgent. Good morning, My laptop won't turn on this morning, nothing happens at all. When can this be fixed?",Hardware
Request: the internal HR portal. The monthly report in the BI tool shows numbers that don't match finance. Thanks in advance.,Applications
"Request: the SharePoint site. The sharepoint site isn't syncing on my phone. Also, the SharePoint site isn't receiving external email. Appreciate any help.",Email & Collaboration
"Issue. Hey, Laptop restarts on its own in the middle of my work. Appreciate any help.",Endpoint Management
"Not working. Hello, Massive slowdown across the board, work is barely possible. Thanks in advance.",Cloud & Infrastructure
"Urgent: the Azure VM. Hi, The azure vm needs more memory provisioned. Appreciate any help.",Cloud & Infrastructure
"Issue with the security patch. Hey, Windows update has been stuck installing for two days, can't use the laptop. Can you take a look?",Endpoint Management
"Issue. Hello, My password doesn't work anymore and I'm stuck outside. Can you take a look?",Applications
"the data warehouse. Hi team, The data warehouse queries are timing out. Also, the data warehouse is running out of disk on the data volume. Appreciate any help.",Database
"Help needed — the office WiFi. Hi team, Port on the wall jack at desk B-12 seems dead, no link light. Please advise.",Network
"access to the finance folder. Good morning, Access to the finance folder needs admin rights for the deployment tool. Also, access to the finance folder needs to be provisioned for a new hire starting Monday. Can you take a look?",Identity & Access
"the SharePoint site. Hi, The sharepoint site isn't syncing on my phone. Also, the SharePoint site shows duplicate appointments. Thanks in advance.",Email & Collaboration
"Urgent: the software deployment. Hi team, The software deployment removed an app I need for work. Thanks in advance.",Endpoint Management
"Problem: the antivirus client. Hello, After the latest patch my laptop boots to a black screen. Also, the antivirus client failed to install and rolled back. This is blocking my work.",Endpoint Management
"Question. Hey, Remote access isn't working, I can't reach anything internal. Appreciate any help.",Network
"Request: the software deployment. The software deployment is forcing a restart in the middle of meetings. Also, the software deployment is stuck at 0% and won't finish. This is blocking my work.",Endpoint Management
"my password. Hey, My password needs admin rights for the deployment tool. When can this be fixed?",Identity & Access
"Help needed — the meeting invite. Hi team, The meeting invite won't send messages and they stay in Outbox. Also, the meeting invite lost access for half the team. Can you take a look?",Email & Collaboration
"Problem: disk encryption (BitLocker). Hi team, Disk encryption (bitlocker) won't enroll my new device. Let me know what's needed.",Endpoint Management
"Question about my smartcard. Hey, My smartcard needs admin rights for the deployment tool. Thanks in advance.",Identity & Access
"Not working. Hello, It keeps failing with an error message I don't understand. When can this be fixed?",Database
"Question about the load balancer. Hello, The load balancer drops whenever I join a video call. Thanks in advance.",Network
"Issue with a brute-force alert. Hey, A brute-force alert that I think is a scam. Also, a brute-force alert blocking a legitimate vendor. When can this be fixed?",Security
"Question about the laptop battery. Hey, Need the SSD upgraded, I'm constantly out of disk space on this machine. This is blocking my work.",Hardware
"Help needed — the antivirus alert. Good morning, Got an alert that someone signed into my account from Brazil at 3am.",Security
"Hi team, I can't make or receive any calls since this morning. Let me know what's needed.",Telephony
"a stored procedure. Hey, A stored procedure is returning stale rows. Can you take a look?",Database
"Help needed — the new joiner's account. Hello, I need to be added to the 'Project-Atlas' security group to see the files. Thanks in advance.",Identity & Access
"Problem: DNS resolution. Hi team, Site-to-site tunnel between HQ and the warehouse is down.",Network
"Urgent: the floor printer. Hi, The floor printer makes a clicking noise on startup.",Hardware
"Not working. Hi, The system throws an error every time I try to save. Thanks in advance.",Applications
my security group membership. My security group membership needs read access to the finance share. Thanks in advance.,Identity & Access
"Request: the hunt group. Good morning, The support hotline calls aren't reaching the queue, customers complain. When can this be fixed?",Telephony
"Not working. Received an odd message with a link, can someone check it. Can you take a look?",Email & Collaboration
"Question about the OS upgrade. Hey, Windows update has been stuck installing for two days, can't use the laptop. Appreciate any help.",Endpoint Management
"Not working. Good morning, My machine froze and now it won't boot properly. When can this be fixed?",Hardware
"Request: the autoscaling group. Good morning, Staging environment is down after the last deploy, can you roll it back. Also, the autoscaling group ran out of disk and crashed. Let me know what's needed.",Cloud & Infrastructure
"Problem: the nightly backup job. Hi, The nightly backup job returns 'too many connections'. Please advise.",Database
"the staging environment. Hello, Staging environment is down after the last deploy, can you roll it back. When can this be fixed?",Cloud & Infrastructure
"Not working. Hi, After this morning my laptop just isn't behaving normally. Please advise.",Hardware
Problem: my mailbox quota. Need a new shared mailbox created for the support team. Please advise.,Email & Collaboration
"Problem: the timesheet tool. Good morning, Please install the latest version of the design suite on my machine. Appreciate any help.",Applications
Problem. I got a weird email asking me to log in and confirm my password. Let me know what's needed.,Email & Collaboration
"Help needed. Hi, I get 'you don't have permission' on a folder I used to reach. When can this be fixed?",Identity & Access
Help needed. After this morning my laptop just isn't behaving normally. Let me know what's needed.,Hardware
"the reporting database. Hi, A SELECT that used to take 1s now takes 40s after the last data load. Appreciate any help.",Database
"the guest network. Hey, The guest network won't connect at all. Also, the guest network drops whenever I join a video call. Thanks in advance.",Network
"Issue. Hello, I can't make or receive any calls since this morning. This is blocking my work.",Telephony
"the shared mailbox. Hey, The shared mailbox shows the wrong free/busy status. Let me know what's needed.",Email & Collaboration
"Issue. Hey, I can't log in this morning, it just keeps rejecting me. Appreciate any help.",Applications
"Urgent: the production PostgreSQL instance. Hey, The production postgresql instance is returning stale rows. Also, the production PostgreSQL instance is returning stale rows. Let me know what's needed.",Database
"Problem: the blob storage. Good morning, The blob storage is stuck in 'pending'. Also, the blob storage returns 503 behind the load balancer. Thanks in advance.",Cloud & Infrastructure
"Urgent. Hey, I can't make or receive any calls since this morning. Let me know what's needed.",Telephony
"Problem: a flagged attachment. Hi, I clicked a link in an email before realising it was fake, what should I do. Appreciate any help.",Security
"Issue with my account. Hello, My account needs to be provisioned for a new hire starting Monday.",Identity & Access
"Help needed. Hi, Working remotely and nothing internal will load, was fine yesterday.",Endpoint Management
"a brute-force alert. Hey, A brute-force alert blocking a legitimate vendor. Can you take a look?",Security
"Question about my password. Hi, Offboarding: please disable all access for an employee who left today. Thanks in advance.",Identity & Access
"Not working. Good morning, People can't reach me and my calls keep dropping after a second.",Telephony
"Help needed. Hello, Remote access isn't working, I can't reach anything internal. When can this be fixed?",Network
"Problem. Hi team, I get 'you don't have permission' on a folder I used to reach. Please advise.",Identity & Access
"the design software license. Good morning, The monthly report in the BI tool shows numbers that don't match finance. Thanks in advance.",Applications
"Problem: disk encryption (BitLocker). Hello, Please push the standard software bundle to my freshly imaged laptop. Can you take a look?",Endpoint Management
"Question about the load balancer. Hello, Port on the wall jack at desk B-12 seems dead, no link light. Also, the load balancer times out when I open internal sites.",Network
"Urgent: the OS upgrade. Hi team, The os upgrade is stuck at 0% and won't finish. Can you take a look?",Endpoint Management
"Help needed — an expired TLS certificate. Good morning, I clicked a link in an email before realising it was fake, what should I do.",Security
"Issue with my voicemail. Hi team, The support hotline calls aren't reaching the queue, customers complain. Please advise.",Telephony
the meeting invite. The meeting invite isn't syncing on my phone.,Email & Collaboration
"Question about the switch in the server room. Hey, The switch in the server room shows 'limited connectivity'. When can this be fixed?",Network
"the Azure VM. Hi, Please provision a new VM with 16GB RAM for the data team's pipeline. Let me know what's needed.",Cloud & Infrastructure
"Issue with the ERP system. Good morning, Please install the latest version of the design suite on my machine. Appreciate any help.",Applications
"Urgent: the internal HR portal. Hi, The monthly report in the BI tool shows numbers that don't match finance. When can this be fixed?",Applications
"Question. Hello, The audio is terrible on calls, lots of echo and cutting out. Can you take a look?",Telephony
"Not working. I can't log in this morning, it just keeps rejecting me. This is blocking my work.",Identity & Access
"Urgent. Good morning, After this morning my laptop just isn't behaving normally. Thanks in advance.",Endpoint Management
"Help needed. Good morning, Getting an unexpected error and I can't continue with my task. Let me know what's needed.",Applications
